AID,count
0,1071
1,121
2,5
3,91
4,75
5,146
6,15
7,24
8,286
9,5
10,1
11,29
12,107
13,6
14,11
15,69
16,2
17,51
18,63
19,148
20,71
21,35
22,26
23,4
24,1
25,60
26,13
27,11
28,0
29,14
30,15
31,159
32,2
33,4
34,1
35,4
36,8
37,1
38,5
39,8
40,4
41,31
42,0
43,0
44,0
45,3
46,8
47,25
48,18
49,4
50,2
51,14
52,124
53,1
54,3
55,36
56,7
57,0
58,0
59,277
60,2
61,2
62,18
63,1
64,0
65,1
66,14
67,0
68,3
69,60
70,0
71,0
72,19
73,1
74,0
75,6
76,1
77,1
78,0
79,0
80,0
81,3
82,0
83,6
84,3
85,0
86,0
87,0
88,0
89,29
90,61
91,32
92,135
93,353
94,258
95,36
96,0
97,0
98,0
99,1
100,48
101,78
102,4
103,2
104,246
105,30
106,34
107,884
108,2
109,1
110,0
111,34
112,19
113,0
114,82
115,5
116,0
117,0
118,12
119,0
120,0
121,1480
122,4
123,6
124,68
125,112
126,623
127,60
128,322
129,25
130,21
131,20
132,0
133,58
134,7
135,2
136,0
137,0
138,0
139,2
140,0
141,0
142,39
143,0
144,59
145,0
146,0
147,0
148,96
149,5
150,0
151,0
152,0
153,0
154,0
155,0
156,1
157,0
158,0
159,0
160,4
161,27
162,28
163,0
164,0
165,114
166,16
167,0
168,1
169,15
170,0
171,8
172,40
173,0
174,0
175,0
176,1
177,0
178,0
179,0
180,4
181,0
182,49
183,1
184,0
185,0
186,5
187,15
188,10
189,0
190,13
191,0
192,15
193,0
194,0
195,0
196,0
197,23
198,3
199,2
200,0
201,0
202,4
203,0
204,0
205,0
206,1
207,0
208,0
209,0
210,0
211,0
212,0
213,0
214,7
215,33
216,0
217,4
218,0
219,1
220,5
221,0
222,2
223,0
224,2
225,7
226,87
227,0
228,0
229,6
230,0
231,0
232,1236
233,141
234,4
235,109
236,84
237,181
238,17
239,30
240,293
241,8
242,1
243,38
244,141
245,8
246,13
247,81
248,2
249,66
250,71
251,178
252,85
253,39
254,30
255,5
256,1
257,74
258,9
259,13
260,1
261,18
262,15
263,169
264,4
265,6
266,5
267,5
268,9
269,2
270,6
271,7
272,7
273,35
274,0
275,0
276,1
277,4
278,14
279,31
280,22
281,3
282,3
283,14
284,147
285,0
286,3
287,38
288,8
289,0
290,0
291,270
292,1
293,4
294,20
295,0
296,0
297,1
298,17
299,0
300,3
301,69
302,0
303,0
304,26
305,2
306,0
307,6
308,1
309,3
310,0
311,0
312,0
313,3
314,0
315,7
316,4
317,0
318,0
319,0
320,0
321,36
322,77
323,27
324,157
325,414
326,303
327,37
328,0
329,0
330,1
331,2
332,43
333,93
334,6
335,2
336,280
337,23
338,35
339,873
340,2
341,1
342,0
343,17
344,23
345,0
346,93
347,6
348,0
349,0
350,12
351,0
352,0
353,1728
354,9
355,9
356,68
357,135
358,692
359,53
360,375
361,22
362,24
363,24
364,5
365,77
366,7
367,2
368,0
369,0
370,0
371,2
372,0
373,0
374,37
375,0
376,74
377,0
378,0
379,0
380,107
381,5
382,0
383,0
384,0
385,0
386,0
387,0
388,1
389,0
390,0
391,0
392,6
393,36
394,30
395,0
396,0
397,89
398,16
399,1
400,3
401,21
402,0
403,13
404,42
405,0
406,0
407,0
408,1
409,0
410,0
411,0
412,4
413,0
414,61
415,0
416,0
417,0
418,8
419,13
420,12
421,0
422,20
423,0
424,19
425,0
426,0
427,0
428,0
429,27
430,3
431,2
432,0
433,0
434,3
435,0
436,0
437,0
438,2
439,0
440,0
441,0
442,0
443,0
444,0
445,0
446,7
447,33
448,0
449,5
450,0
451,2
452,6
453,1
454,2
455,0
456,3
457,9
458,113
459,0
460,0
461,10
462,0
463,0
464,1276
465,152
466,4
467,116
468,97
469,188
470,21
471,34
472,307
473,8
474,2
475,45
476,158
477,6
478,7
479,92
480,3
481,71
482,70
483,203
484,92
485,40
486,28
487,5
488,0
489,79
490,8
491,10
492,1
493,22
494,18
495,190
496,3
497,8
498,5
499,5
500,10
501,2
502,7
503,8
504,5
505,40
506,0
507,0
508,0
509,4
510,14
511,34
512,25
513,3
514,3
515,15
516,161
517,0
518,3
519,42
520,11
521,0
522,0
523,282
524,1
525,5
526,24
527,0
528,0
529,1
530,19
531,0
532,3
533,77
534,0
535,0
536,28
537,1
538,0
539,6
540,1
541,2
542,0
543,0
544,0
545,3
546,0
547,7
548,5
549,0
550,0
551,0
552,0
553,39
554,85
555,37
556,159
557,440
558,330
559,45
560,0
561,0
562,1
563,2
564,49
565,102
566,6
567,3
568,299
569,25
570,39
571,906
572,2
573,1
574,0
575,11
576,25
577,0
578,88
579,6
580,0
581,0
582,12
583,0
584,0
585,1824
586,11
587,10
588,74
589,140
590,765
591,49
592,402
593,23
594,32
595,20
596,1
597,86
598,7
599,3
600,0
601,0
602,0
603,4
604,0
605,0
606,42
607,0
608,70
609,0
610,0
611,0
612,116
613,6
614,0
615,0
616,0
617,0
618,0
619,0
620,1
621,0
622,0
623,0
624,6
625,34
626,36
627,0
628,0
629,97
630,17
631,0
632,4
633,14
634,0
635,14
636,43
637,0
638,0
639,0
640,1
641,0
642,0
643,0
644,4
645,0
646,66
647,0
648,0
649,0
650,9
651,16
652,13
653,1
654,18
655,0
656,15
657,0
658,0
659,0
660,0
661,27
662,3
663,2
664,0
665,0
666,3
667,0
668,0
669,0
670,1
671,0
672,0
673,0
674,0
675,0
676,0
677,0
678,5
679,32
680,0
681,6
682,0
683,1
684,7
685,0
686,1
687,0
688,2
689,10
690,117
691,0
692,0
693,8
694,0
695,0
696,1331
697,158
698,4
699,124
700,101
701,191
702,18
703,30
704,286
705,6
706,3
707,45
708,171
709,7
710,11
711,96
712,4
713,77
714,77
715,212
716,100
717,51
718,30
719,5
720,0
721,87
722,9
723,11
724,1
725,23
726,21
727,189
728,1
729,7
730,3
731,5
732,10
733,1
734,5
735,14
736,5
737,40
738,0
739,0
740,0
741,4
742,16
743,43
744,24
745,4
746,4
747,14
748,179
749,1
750,3
751,45
752,11
753,0
754,0
755,292
756,2
757,5
758,28
759,0
760,0
761,1
762,19
763,0
764,5
765,84
766,0
767,0
768,30
769,1
770,0
771,7
772,1
773,2
774,0
775,0
776,0
777,3
778,0
779,7
780,5
781,0
782,0
783,0
784,0
785,41
786,91
787,28
788,155
789,459
790,353
791,43
792,0
793,1
794,1
795,2
796,53
797,107
798,6
799,2
800,307
801,27
802,43
803,930
804,2
805,1
806,0
807,14
808,29
809,0
810,96
811,7
812,0
813,0
814,14
815,0
816,0
817,1902
818,9
819,9
820,79
821,151
822,795
823,58
824,431
825,19
826,25
827,23
828,1
829,93
830,8
831,4
832,0
833,0
834,0
835,5
836,0
837,0
838,44
839,0
840,76
841,0
842,0
843,0
844,125
845,6
846,0
847,0
848,0
849,0
850,0
851,0
852,1
853,0
854,0
855,0
856,6
857,39
858,37
859,0
860,0
861,92
862,18
863,0
864,3
865,14
866,0
867,16
868,44
869,1
870,0
871,0
872,1
873,0
874,0
875,0
876,4
877,0
878,73
879,0
880,0
881,0
882,9
883,15
884,13
885,1
886,19
887,0
888,16
889,0
890,0
891,0
892,0
893,27
894,5
895,2
896,0
897,0
898,4
899,0
900,0
901,0
902,0
903,0
904,0
905,0
906,0
907,0
908,0
909,0
910,6
911,32
912,0
913,5
914,0
915,1
916,7
917,1
918,1
919,0
920,3
921,10
922,122
923,0
924,0
925,9
926,0
927,0
928,1359
929,165
930,5
931,124
932,112
933,209
934,18
935,29
936,266
937,8
938,3
939,47
940,184
941,6
942,10
943,101
944,2
945,79
946,82
947,226
948,107
949,46
950,31
951,5
952,0
953,91
954,9
955,9
956,0
957,24
958,21
959,196
960,2
961,8
962,3
963,5
964,10
965,1
966,5
967,12
968,5
969,41
970,0
971,0
972,0
973,4
974,19
975,39
976,25
977,4
978,3
979,17
980,176
981,2
982,3
983,44
984,13
985,0
986,0
987,290
988,1
989,5
990,26
991,0
992,0
993,1
994,19
995,0
996,5
997,89
998,0
999,0
1000,32
1001,1
1002,0
1003,6
1004,1
1005,3
1006,0
1007,0
1008,0
1009,3
1010,0
1011,6
1012,7
1013,0
1014,0
1015,0
1016,0
1017,39
1018,96
1019,25
1020,161
1021,474
1022,356
1023,50
1024,0
1025,1
1026,1
1027,3
1028,55
1029,114
1030,6
1031,3
1032,316
1033,27
1034,48
1035,918
1036,2
1037,1
1038,0
1039,10
1040,29
1041,0
1042,95
1043,8
1044,0
1045,0
1046,13
1047,0
1048,0
1049,1988
1050,10
1051,10
1052,84
1053,148
1054,836
1055,56
1056,453
1057,23
1058,31
1059,25
1060,1
1061,100
1062,8
1063,4
1064,0
1065,0
1066,0
1067,5
1068,0
1069,0
1070,46
1071,0
1072,74
1073,0
1074,0
1075,0
1076,128
1077,6
1078,0
1079,0
1080,0
1081,0
1082,0
1083,0
1084,1
1085,0
1086,0
1087,0
1088,6
1089,41
1090,39
1091,0
1092,0
1093,93
1094,18
1095,0
1096,3
1097,14
1098,0
1099,16
1100,47
1101,0
1102,0
1103,0
1104,1
1105,0
1106,0
1107,0
1108,4
1109,0
1110,74
1111,0
1112,0
1113,0
1114,10
1115,14
1116,14
1117,1
1118,18
1119,0
1120,20
1121,0
1122,0
1123,0
1124,0
1125,28
1126,5
1127,2
1128,0
1129,0
1130,3
1131,0
1132,0
1133,0
1134,3
1135,0
1136,0
1137,0
1138,0
1139,0
1140,0
1141,0
1142,7
1143,33
1144,0
1145,6
1146,0
1147,1
1148,7
1149,0
1150,1
1151,0
1152,2
1153,13
1154,120
1155,0
1156,0
1157,11
1158,0
1159,0
1160,1394
1161,167
1162,6
1163,125
1164,113
1165,215
1166,17
1167,32
1168,248
1169,7
1170,3
1171,52
1172,196
1173,7
1174,11
1175,103
1176,2
1177,81
1178,84
1179,232
1180,110
1181,48
1182,31
1183,5
1184,1
1185,86
1186,11
1187,7
1188,1
1189,25
1190,22
1191,191
1192,3
1193,7
1194,2
1195,7
1196,12
1197,1
1198,7
1199,12
1200,5
1201,43
1202,0
1203,0
1204,0
1205,4
1206,18
1207,41
1208,24
1209,4
1210,4
1211,14
1212,177
1213,1
1214,3
1215,46
1216,12
1217,0
1218,0
1219,284
1220,1
1221,4
1222,27
1223,0
1224,0
1225,1
1226,16
1227,0
1228,5
1229,91
1230,0
1231,0
1232,29
1233,1
1234,0
1235,6
1236,1
1237,3
1238,0
1239,0
1240,0
1241,4
1242,0
1243,6
1244,10
1245,0
1246,0
1247,0
1248,0
1249,40
1250,99
1251,27
1252,166
1253,497
1254,372
1255,45
1256,0
1257,1
1258,1
1259,2
1260,56
1261,117
1262,6
1263,2
1264,314
1265,29
1266,45
1267,931
1268,3
1269,1
1270,0
1271,10
1272,28
1273,0
1274,101
1275,7
1276,0
1277,0
1278,15
1279,0
1280,0
1281,2013
1282,9
1283,13
1284,86
1285,157
1286,845
1287,51
1288,455
1289,21
1290,31
1291,26
1292,1
1293,102
1294,8
1295,4
1296,0
1297,0
1298,0
1299,4
1300,0
1301,0
1302,45
1303,0
1304,72
1305,0
1306,0
1307,0
1308,131
1309,6
1310,0
1311,0
1312,0
1313,0
1314,0
1315,0
1316,1
1317,0
1318,0
1319,0
1320,6
1321,42
1322,41
1323,0
1324,0
1325,93
1326,18
1327,0
1328,4
1329,15
1330,0
1331,17
1332,50
1333,0
1334,0
1335,0
1336,1
1337,0
1338,0
1339,0
1340,4
1341,0
1342,74
1343,0
1344,0
1345,0
1346,10
1347,15
1348,15
1349,1
1350,19
1351,0
1352,19
1353,0
1354,0
1355,0
1356,0
1357,28
1358,5
1359,2
1360,0
1361,0
1362,5
1363,0
1364,0
1365,0
1366,1
1367,0
1368,0
1369,0
1370,0
1371,0
1372,0
1373,0
1374,8
1375,32
1376,0
1377,8
1378,0
1379,1
1380,7
1381,0
1382,2
1383,0
1384,4
1385,14
1386,121
1387,0
1388,0
1389,13
1390,0
1391,0
1392,1389
1393,178
1394,6
1395,125
1396,114
1397,212
1398,17
1399,34
1400,224
1401,9
1402,3
1403,53
1404,202
1405,6
1406,8
1407,102
1408,3
1409,82
1410,84
1411,240
1412,112
1413,49
1414,30
1415,5
1416,1
1417,83
1418,9
1419,4
1420,0
1421,25
1422,23
1423,194
1424,3
1425,6
1426,2
1427,6
1428,12
1429,1
1430,7
1431,9
1432,5
1433,42
1434,0
1435,0
1436,0
1437,4
1438,19
1439,43
1440,25
1441,4
1442,4
1443,14
1444,184
1445,1
1446,2
1447,46
1448,13
1449,0
1450,0
1451,291
1452,1
1453,4
1454,31
1455,0
1456,0
1457,1
1458,17
1459,0
1460,5
1461,90
1462,0
1463,0
1464,32
1465,1
1466,0
1467,6
1468,1
1469,3
1470,0
1471,0
1472,0
1473,4
1474,0
1475,6
1476,11
1477,0
1478,0
1479,0
1480,0
1481,49
1482,102
1483,22
1484,170
1485,494
1486,381
1487,46
1488,0
1489,1
1490,2
1491,2
1492,57
1493,117
1494,6
1495,2
1496,329
1497,26
1498,44
1499,959
1500,2
1501,3
1502,0
1503,10
1504,28
1505,0
1506,96
1507,7
1508,0
1509,0
1510,16
1511,0
1512,0
1513,2026
1514,9
1515,12
1516,86
1517,155
1518,844
1519,54
1520,461
1521,22
1522,32
1523,26
1524,1
1525,104
1526,8
1527,5
1528,0
1529,0
1530,0
1531,4
1532,0
1533,0
1534,44
1535,0
1536,73
1537,0
1538,0
1539,0
1540,129
1541,6
1542,0
1543,0
1544,0
1545,0
1546,0
1547,0
1548,1
1549,0
1550,0
1551,0
1552,6
1553,45
1554,47
1555,0
1556,0
1557,99
1558,18
1559,0
1560,4
1561,16
1562,0
1563,17
1564,51
1565,0
1566,0
1567,0
1568,1
1569,0
1570,0
1571,0
1572,4
1573,0
1574,76
1575,0
1576,0
1577,0
1578,10
1579,16
1580,13
1581,1
1582,17
1583,0
1584,17
1585,0
1586,0
1587,0
1588,0
1589,30
1590,5
1591,3
1592,0
1593,0
1594,2
1595,0
1596,0
1597,0
1598,2
1599,0
1600,0
1601,0
1602,0
1603,0
1604,0
1605,0
1606,8
1607,31
1608,0
1609,8
1610,0
1611,1
1612,7
1613,0
1614,2
1615,0
1616,4
1617,16
1618,124
1619,0
1620,0
1621,13
1622,0
1623,0
1624,1410
1625,169
1626,6
1627,128
1628,113
1629,227
1630,15
1631,32
1632,216
1633,10
1634,3
1635,52
1636,208
1637,5
1638,13
1639,103
1640,3
1641,85
1642,82
1643,253
1644,115
1645,52
1646,32
1647,5
1648,0
1649,84
1650,11
1651,4
1652,1
1653,25
1654,22
1655,204
1656,5
1657,7
1658,2
1659,6
1660,16
1661,1
1662,8
1663,10
1664,5
1665,44
1666,1
1667,0
1668,0
1669,4
1670,19
1671,46
1672,24
1673,4
1674,4
1675,14
1676,187
1677,1
1678,2
1679,48
1680,12
1681,0
1682,0
1683,296
1684,1
1685,4
1686,29
1687,0
1688,0
1689,1
1690,19
1691,0
1692,5
1693,93
1694,0
1695,0
1696,35
1697,2
1698,0
1699,7
1700,1
1701,3
1702,0
1703,0
1704,0
1705,4
1706,0
1707,6
1708,12
1709,0
1710,0
1711,0
1712,0
1713,47
1714,102
1715,24
1716,180
1717,503
1718,389
1719,43
1720,0
1721,1
1722,3
1723,2
1724,53
1725,125
1726,6
1727,2
1728,343
1729,26
1730,44
1731,983
1732,2
1733,2
1734,0
1735,10
1736,29
1737,0
1738,98
1739,8
1740,0
1741,0
1742,19
1743,0
1744,0
1745,2069
1746,10
1747,12
1748,87
1749,162
1750,850
1751,52
1752,476
1753,23
1754,35
1755,26
1756,1
1757,104
1758,9
1759,4
1760,0
1761,0
1762,0
1763,4
1764,0
1765,0
1766,47
1767,0
1768,76
1769,0
1770,0
1771,0
1772,139
1773,6
1774,0
1775,0
1776,0
1777,0
1778,0
1779,0
1780,1
1781,0
1782,0
1783,0
1784,6
1785,44
1786,46
1787,0
1788,0
1789,105
1790,18
1791,0
1792,4
1793,16
1794,0
1795,18
1796,50
1797,0
1798,0
1799,0
1800,1
1801,0
1802,0
1803,0
1804,4
1805,0
1806,79
1807,0
1808,0
1809,0
1810,11
1811,15
1812,13
1813,1
1814,17
1815,0
1816,18
1817,0
1818,0
1819,0
1820,0
1821,29
1822,6
1823,3
1824,0
1825,0
1826,1
1827,0
1828,0
1829,0
1830,0
1831,0
1832,0
1833,0
1834,0
1835,0
1836,0
1837,0
1838,8
1839,33
1840,0
1841,8
1842,0
1843,1
1844,7
1845,1
1846,1
1847,0
1848,4
1849,12
1850,124
1851,0
1852,0
1853,14
1854,0
1855,0
1856,1416
1857,172
1858,6
1859,133
1860,114
1861,233
1862,16
1863,31
1864,213
1865,9
1866,3
1867,54
1868,207
1869,5
1870,9
1871,107
1872,3
1873,84
1874,80
1875,254
1876,119
1877,51
1878,35
1879,5
1880,0
1881,86
1882,10
1883,6
1884,0
1885,26
1886,26
1887,208
1888,3
1889,7
1890,4
1891,6
1892,15
1893,1
1894,6
1895,12
1896,5
1897,43
1898,0
1899,1
1900,0
1901,5
1902,19
1903,44
1904,25
1905,4
1906,4
1907,15
1908,193
1909,1
1910,3
1911,48
1912,13
1913,0
1914,0
1915,304
1916,1
1917,5
1918,29
1919,0
1920,0
1921,1
1922,20
1923,0
1924,5
1925,92
1926,0
1927,0
1928,35
1929,1
1930,0
1931,9
1932,1
1933,3
1934,0
1935,0
1936,0
1937,4
1938,0
1939,8
1940,12
1941,0
1942,0
1943,0
1944,0
1945,48
1946,105
1947,23
1948,183
1949,516
1950,399
1951,47
1952,0
1953,1
1954,3
1955,3
1956,54
1957,128
1958,5
1959,1
1960,346
1961,26
1962,44
1963,994
1964,2
1965,1
1966,0
1967,13
1968,30
1969,0
1970,100
1971,8
1972,0
1973,0
1974,18
1975,0
1976,0
1977,2099
1978,10
1979,12
1980,85
1981,163
1982,859
1983,55
1984,478
1985,24
1986,33
1987,27
1988,1
1989,105
1990,8
1991,5
1992,0
1993,0
1994,0
1995,4
1996,0
1997,0
1998,47
1999,0
2000,74
2001,0
2002,0
2003,0
2004,138
2005,6
2006,0
2007,0
2008,0
2009,0
2010,0
2011,0
2012,1
2013,0
2014,0
2015,0
2016,6
2017,43
2018,49
2019,0
2020,0
2021,108
2022,21
2023,0
2024,3
2025,19
2026,0
2027,19
2028,48
2029,0
2030,0
2031,0
2032,2
2033,0
2034,0
2035,0
2036,4
2037,0
2038,82
2039,0
2040,0
2041,0
2042,11
2043,18
2044,13
2045,1
2046,16
2047,0
2048,18
2049,0
2050,0
2051,0
2052,0
2053,30
2054,5
2055,3
2056,0
2057,0
2058,1
2059,0
2060,0
2061,0
2062,0
2063,0
2064,0
2065,0
2066,0
2067,0
2068,0
2069,0
2070,8
2071,32
2072,0
2073,8
2074,0
2075,1
2076,7
2077,0
2078,1
2079,0
2080,3
2081,13
2082,127
2083,0
2084,0
2085,14
2086,0
2087,0
2088,1457
2089,181
2090,7
2091,135
2092,120
2093,239
2094,17
2095,33
2096,209
2097,9
2098,3
2099,54
2100,210
2101,5
2102,11
2103,111
2104,5
2105,84
2106,88
2107,256
2108,118
2109,49
2110,35
2111,5
2112,0
2113,88
2114,12
2115,4
2116,0
2117,26
2118,25
2119,210
2120,2
2121,8
2122,3
2123,6
2124,14
2125,1
2126,6
2127,8
2128,5
2129,44
2130,0
2131,1
2132,0
2133,6
2134,17
2135,46
2136,26
2137,4
2138,4
2139,14
2140,196
2141,1
2142,3
2143,49
2144,12
2145,0
2146,0
2147,313
2148,1
2149,5
2150,29
2151,0
2152,0
2153,1
2154,18
2155,0
2156,5
2157,95
2158,0
2159,0
2160,35
2161,1
2162,0
2163,9
2164,1
2165,5
2166,0
2167,0
2168,0
2169,4
2170,0
2171,8
2172,11
2173,0
2174,0
2175,0
2176,0
2177,48
2178,105
2179,25
2180,181
2181,519
2182,410
2183,45
2184,0
2185,1
2186,3
2187,3
2188,58
2189,127
2190,5
2191,2
2192,359
2193,26
2194,47
2195,1026
2196,2
2197,2
2198,0
2199,11
2200,31
2201,0
2202,97
2203,8
2204,0
2205,0
2206,19
2207,0
2208,0
2209,2133
2210,12
2211,13
2212,87
2213,167
2214,887
2215,55
2216,482
2217,22
2218,33
2219,28
2220,0
2221,104
2222,8
2223,5
2224,0
2225,0
2226,0
2227,4
2228,0
2229,0
2230,49
2231,0
2232,74
2233,0
2234,0
2235,0
2236,146
2237,6
2238,0
2239,0
2240,0
2241,0
2242,0
2243,0
2244,1
2245,0
2246,0
2247,0
2248,6
2249,46
2250,48
2251,0
2252,0
2253,107
2254,20
2255,0
2256,3
2257,18
2258,0
2259,19
2260,54
2261,0
2262,0
2263,0
2264,1
2265,0
2266,0
2267,0
2268,4
2269,0
2270,81
2271,0
2272,0
2273,0
2274,10
2275,18
2276,14
2277,1
2278,18
2279,0
2280,17
2281,0
2282,0
2283,0
2284,0
2285,33
2286,5
2287,3
2288,0
2289,0
2290,0
2291,0
2292,0
2293,0
2294,0
2295,0
2296,0
2297,0
2298,0
2299,0
2300,0
2301,0
2302,7
2303,33
2304,0
2305,8
2306,0
2307,1
2308,7
2309,0
2310,1
2311,0
2312,3
2313,13
2314,126
2315,0
2316,0
2317,13
2318,0
2319,0
2320,1499
2321,183
2322,7
2323,144
2324,122
2325,245
2326,18
2327,34
2328,200
2329,10
2330,4
2331,58
2332,212
2333,8
2334,10
2335,112
2336,3
2337,84
2338,91
2339,268
2340,124
2341,50
2342,36
2343,6
2344,1
2345,85
2346,11
2347,7
2348,0
2349,28
2350,27
2351,219
2352,3
2353,8
2354,3
2355,6
2356,17
2357,1
2358,7
2359,13
2360,6
2361,44
2362,0
2363,1
2364,0
2365,6
2366,18
2367,47
2368,25
2369,4
2370,6
2371,15
2372,196
2373,2
2374,2
2375,50
2376,13
2377,0
2378,0
2379,318
2380,2
2381,4
2382,28
2383,0
2384,0
2385,1
2386,17
2387,0
2388,5
2389,99
2390,0
2391,0
2392,35
2393,1
2394,1
2395,9
2396,1
2397,4
2398,0
2399,0
2400,0
2401,4
2402,0
2403,9
2404,11
2405,0
2406,0
2407,0
2408,0
2409,52
2410,110
2411,25
2412,188
2413,548
2414,431
2415,46
2416,0
2417,1
2418,6
2419,3
2420,56
2421,133
2422,6
2423,2
2424,370
2425,29
2426,46
2427,1113
2428,2
2429,2
2430,0
2431,18
2432,33
2433,0
2434,110
2435,7
2436,0
2437,0
2438,20
2439,0
2440,0
2441,2183
2442,11
2443,12
2444,90
2445,165
2446,928
2447,63
2448,491
2449,31
2450,34
2451,32
2452,1
2453,110
2454,8
2455,4
2456,0
2457,0
2458,0
2459,4
2460,0
2461,0
2462,49
2463,0
2464,84
2465,0
2466,0
2467,0
2468,152
2469,6
2470,0
2471,0
2472,0
2473,0
2474,0
2475,0
2476,1
2477,0
2478,0
2479,0
2480,6
2481,49
2482,51
2483,0
2484,0
2485,123
2486,20
2487,0
2488,3
2489,17
2490,0
2491,20
2492,54
2493,0
2494,0
2495,0
2496,1
2497,0
2498,0
2499,0
2500,4
2501,0
2502,84
2503,0
2504,0
2505,0
2506,11
2507,19
2508,13
2509,1
2510,19
2511,0
2512,21
2513,0
2514,0
2515,0
2516,0
2517,34
2518,5
2519,4
2520,0
2521,0
2522,1
2523,0
2524,0
2525,0
2526,0
2527,0
2528,0
2529,0
2530,0
2531,0
2532,0
2533,0
2534,8
2535,34
2536,0
2537,8
2538,0
2539,1
2540,7
2541,0
2542,1
2543,0
2544,3
2545,12
2546,136
2547,0
2548,0
2549,13
2550,0
2551,0
2552,1562
2553,189
2554,9
2555,155
2556,131
2557,260
2558,19
2559,36
2560,196
2561,10
2562,4
2563,63
2564,222
2565,8
2566,15
2567,115
2568,5
2569,85
2570,97
2571,286
2572,123
2573,51
2574,41
2575,6
2576,0
2577,95
2578,13
2579,6
2580,0
2581,28
2582,28
2583,234
2584,4
2585,8
2586,6
2587,6
2588,16
2589,1
2590,9
2591,13
2592,6
2593,45
2594,0
2595,2
2596,0
2597,6
2598,17
2599,55
2600,26
2601,4
2602,6
2603,16
2604,200
2605,2
2606,2
2607,54
2608,13
2609,0
2610,0
2611,353
2612,2
2613,5
2614,31
2615,0
2616,0
2617,1
2618,18
2619,0
2620,5
2621,107
2622,0
2623,0
2624,37
2625,3
2626,0
2627,11
2628,1
2629,4
2630,0
2631,0
2632,0
2633,5
2634,0
2635,8
2636,11
2637,0
2638,0
2639,0
2640,0
2641,50
2642,113
2643,27
2644,193
2645,573
2646,460
2647,48
2648,0
2649,1
2650,5
2651,3
2652,56
2653,145
2654,4
2655,1
2656,398
2657,35
2658,55
2659,1280
2660,3
2661,3
2662,0
2663,21
2664,34
2665,0
2666,119
2667,7
2668,0
2669,0
2670,19
2671,0
2672,0
2673,2275
2674,14
2675,14
2676,101
2677,176
2678,965
2679,81
2680,513
2681,29
2682,35
2683,29
2684,2
2685,115
2686,8
2687,3
2688,0
2689,0
2690,1
2691,6
2692,0
2693,0
2694,52
2695,0
2696,92
2697,0
2698,0
2699,0
2700,164
2701,5
2702,0
2703,0
2704,0
2705,0
2706,0
2707,0
2708,3
2709,0
2710,0
2711,0
2712,7
2713,52
2714,56
2715,0
2716,0
2717,155
2718,20
2719,0
2720,4
2721,20
2722,0
2723,21
2724,57
2725,0
2726,0
2727,0
2728,1
2729,0
2730,0
2731,0
2732,4
2733,0
2734,85
2735,2
2736,0
2737,0
2738,9
2739,18
2740,15
2741,1
2742,27
2743,0
2744,25
2745,0
2746,0
2747,0
2748,0
2749,34
2750,6
2751,4
2752,0
2753,0
2754,2
2755,0
2756,0
2757,0
2758,2
2759,1
2760,0
2761,0
2762,0
2763,0
2764,0
2765,0
2766,8
2767,36
2768,0
2769,9
2770,0
2771,1
2772,8
2773,0
2774,1
2775,0
2776,4
2777,11
2778,150
2779,0
2780,0
2781,14
2782,0
2783,0
2784,1660
2785,204
2786,15
2787,165
2788,153
2789,285
2790,21
2791,35
2792,209
2793,12
2794,4
2795,60
2796,226
2797,8
2798,24
2799,124
2800,4
2801,94
2802,113
2803,304
2804,125
2805,63
2806,44
2807,8
2808,0
2809,99
2810,13
2811,13
2812,1
2813,28
2814,29
2815,245
2816,4
2817,12
2818,6
2819,7
2820,18
2821,2
2822,7
2823,24
2824,7
2825,46
2826,0
2827,5
2828,0
2829,6
2830,20
2831,56
2832,28
2833,5
2834,8
2835,20
2836,221
2837,2
2838,2
2839,55
2840,15
2841,0
2842,0
2843,398
2844,4
2845,5
2846,36
2847,0
2848,0
2849,1
2850,18
2851,0
2852,5
2853,115
2854,0
2855,0
2856,36
2857,4
2858,1
2859,11
2860,1
2861,4
2862,0
2863,0
2864,0
2865,7
2866,0
2867,11
2868,11
2869,0
2870,0
2871,0
2872,0
2873,52
2874,120
2875,30
2876,208
2877,591
2878,512
2879,49
2880,0
2881,1
2882,5
2883,2
2884,61
2885,153
2886,7
2887,1
2888,441
2889,44
2890,60
2891,1562
2892,5
2893,5
2894,0
2895,36
2896,35
2897,1
2898,141
2899,8
2900,0
2901,0
2902,19
2903,0
2904,0
2905,2375
2906,15
2907,13
2908,113
2909,184
2910,1034
2911,85
2912,533
2913,35
2914,37
2915,28
2916,12
2917,132
2918,8
2919,2
2920,0
2921,0
2922,0
2923,6
2924,0
2925,0
2926,54
2927,0
2928,95
2929,0
2930,0
2931,0
2932,184
2933,5
2934,0
2935,0
2936,0
2937,0
2938,0
2939,0
2940,4
2941,0
2942,0
2943,0
2944,7
2945,64
2946,51
2947,0
2948,0
2949,172
2950,21
2951,1
2952,4
2953,28
2954,0
2955,22
2956,66
2957,0
2958,0
2959,0
2960,1
2961,0
2962,0
2963,0
2964,5
2965,0
2966,97
2967,0
2968,0
2969,0
2970,10
2971,24
2972,14
2973,1
2974,28
2975,0
2976,34
2977,0
2978,0
2979,0
2980,0
2981,33
2982,8
2983,4
2984,0
2985,0
2986,5
2987,0
2988,0
2989,0
2990,1
2991,0
2992,0
2993,0
2994,0
2995,0
2996,0
2997,0
2998,8
2999,38
3000,0
3001,8
3002,0
3003,1
3004,7
3005,0
3006,2
3007,0
3008,5
3009,12
3010,160
3011,0
3012,0
3013,16
3014,0
3015,0
3016,1802
3017,219
3018,29
3019,194
3020,159
3021,309
3022,31
3023,39
3024,216
3025,12
3026,5
3027,70
3028,243
3029,11
3030,26
3031,139
3032,4
3033,95
3034,126
3035,323
3036,129
3037,74
3038,47
3039,8
3040,1
3041,109
3042,17
3043,17
3044,0
3045,32
3046,29
3047,288
3048,5
3049,11
3050,10
3051,9
3052,17
3053,4
3054,10
3055,32
3056,6
3057,43
3058,1
3059,4
3060,3
3061,8
3062,21
3063,59
3064,29
3065,6
3066,9
3067,19
3068,222
3069,2
3070,3
3071,62
3072,12
3073,0
3074,0
3075,450
3076,2
3077,6
3078,43
3079,2
3080,0
3081,1
3082,20
3083,0
3084,6
3085,129
3086,0
3087,0
3088,47
3089,2
3090,0
3091,10
3092,2
3093,4
3094,0
3095,0
3096,0
3097,6
3098,0
3099,8
3100,12
3101,0
3102,0
3103,0
3104,0
3105,57
3106,135
3107,32
3108,227
3109,640
3110,578
3111,47
3112,0
3113,1
3114,5
3115,2
3116,64
3117,176
3118,10
3119,2
3120,480
3121,53
3122,68
3123,1892
3124,5
3125,7
3126,0
3127,54
3128,37
3129,1
3130,168
3131,10
3132,0
3133,0
3134,24
3135,0
3136,0
3137,2551
3138,15
3139,13
3140,126
3141,189
3142,1111
3143,93
3144,566
3145,44
3146,39
3147,38
3148,6
3149,143
3150,9
3151,4
3152,0
3153,0
3154,3
3155,7
3156,0
3157,0
3158,54
3159,0
3160,108
3161,0
3162,0
3163,0
3164,211
3165,6
3166,0
3167,0
3168,0
3169,0
3170,0
3171,0
3172,9
3173,0
3174,0
3175,0
3176,7
3177,65
3178,57
3179,0
3180,0
3181,231
3182,26
3183,1
3184,5
3185,34
3186,0
3187,24
3188,77
3189,0
3190,0
3191,0
3192,1
3193,0
3194,0
3195,0
3196,5
3197,0
3198,103
3199,2
3200,0
3201,0
3202,9
3203,24
3204,16
3205,1
3206,29
3207,0
3208,36
3209,0
3210,0
3211,0
3212,0
3213,40
3214,11
3215,4
3216,0
3217,0
3218,4
3219,0
3220,0
3221,0
3222,1
3223,0
3224,0
3225,0
3226,0
3227,0
3228,0
3229,0
3230,8
3231,51
3232,0
3233,7
3234,0
3235,1
3236,7
3237,0
3238,3
3239,0
3240,5
3241,9
3242,166
3243,0
3244,0
3245,17
3246,0
3247,0
3248,2101
3249,246
3250,33
3251,238
3252,177
3253,355
3254,54
3255,43
3256,236
3257,13
3258,7
3259,83
3260,261
3261,16
3262,43
3263,164
3264,7
3265,103
3266,149
3267,345
3268,144
3269,95
3270,57
3271,9
3272,3
3273,112
3274,17
3275,27
3276,0
3277,30
3278,39
3279,327
3280,4
3281,11
3282,20
3283,8
3284,19
3285,4
3286,9
3287,47
3288,5
3289,47
3290,0
3291,3
3292,4
3293,8
3294,25
3295,64
3296,32
3297,5
3298,8
3299,22
3300,237
3301,2
3302,2
3303,65
3304,18
3305,0
3306,0
3307,533
3308,3
3309,11
3310,49
3311,1
3312,0
3313,4
3314,22
3315,0
3316,7
3317,135
3318,0
3319,0
3320,43
3321,7
3322,0
3323,11
3324,1
3325,4
3326,0
3327,0
3328,0
3329,6
3330,0
3331,15
3332,12
3333,0
3334,0
3335,0
3336,0
3337,62
3338,147
3339,35
3340,246
3341,695
3342,680
3343,48
3344,0
3345,1
3346,6
3347,3
3348,69
3349,196
3350,9
3351,1
3352,519
3353,87
3354,74
3355,2261
3356,7
3357,7
3358,0
3359,61
3360,37
3361,1
3362,186
3363,8
3364,0
3365,0
3366,20
3367,0
3368,0
3369,2842
3370,19
3371,10
3372,147
3373,212
3374,1249
3375,124
3376,623
3377,48
3378,35
3379,55
3380,15
3381,169
3382,11
3383,5
3384,0
3385,0
3386,3
3387,8
3388,0
3389,0
3390,69
3391,0
3392,134
3393,0
3394,0
3395,0
3396,234
3397,10
3398,0
3399,0
3400,0
3401,0
3402,0
3403,0
3404,9
3405,0
3406,0
3407,0
3408,7
3409,80
3410,57
3411,0
3412,0
3413,296
3414,30
3415,2
3416,6
3417,59
3418,0
3419,28
3420,90
3421,0
3422,0
3423,0
3424,2
3425,0
3426,0
3427,0
3428,6
3429,0
3430,114
3431,6
3432,0
3433,0
3434,9
3435,33
3436,16
3437,1
3438,40
3439,0
3440,49
3441,0
3442,0
3443,0
3444,0
3445,39
3446,12
3447,4
3448,0
3449,0
3450,5
3451,0
3452,0
3453,0
3454,1
3455,0
3456,0
3457,0
3458,0
3459,0
3460,0
3461,0
3462,13
3463,69
3464,0
3465,8
3466,0
3467,1
3468,7
3469,0
3470,1
3471,0
3472,2
3473,13
3474,221
3475,0
3476,1
3477,16
3478,0
3479,0
3480,2466
3481,279
3482,39
3483,285
3484,201
3485,465
3486,75
3487,44
3488,277
3489,26
3490,8
3491,104
3492,270
3493,29
3494,77
3495,201
3496,8
3497,109
3498,177
3499,374
3500,150
3501,121
3502,80
3503,11
3504,1
3505,112
3506,17
3507,37
3508,3
3509,31
3510,36
3511,335
3512,8
3513,18
3514,31
3515,13
3516,27
3517,22
3518,12
3519,49
3520,6
3521,46
3522,0
3523,6
3524,6
3525,13
3526,26
3527,70
3528,38
3529,8
3530,18
3531,28
3532,265
3533,4
3534,2
3535,69
3536,17
3537,0
3538,0
3539,627
3540,8
3541,10
3542,56
3543,0
3544,0
3545,5
3546,27
3547,0
3548,7
3549,143
3550,0
3551,0
3552,45
3553,9
3554,0
3555,10
3556,1
3557,4
3558,0
3559,0
3560,0
3561,6
3562,0
3563,13
3564,12
3565,0
3566,0
3567,0
3568,0
3569,67
3570,179
3571,51
3572,276
3573,761
3574,773
3575,58
3576,0
3577,1
3578,8
3579,2
3580,82
3581,209
3582,11
3583,6
3584,583
3585,99
3586,79
3587,2942
3588,14
3589,11
3590,1
3591,112
3592,35
3593,1
3594,262
3595,11
3596,0
3597,0
3598,20
3599,0
3600,0
3601,3229
3602,22
3603,18
3604,171
3605,230
3606,1466
3607,160
3608,649
3609,67
3610,46
3611,70
3612,22
3613,190
3614,11
3615,4
3616,0
3617,0
3618,5
3619,5
3620,0
3621,0
3622,73
3623,0
3624,171
3625,0
3626,0
3627,0
3628,288
3629,10
3630,0
3631,0
3632,0
3633,0
3634,0
3635,0
3636,14
3637,0
3638,0
3639,0
3640,7
3641,86
3642,62
3643,0
3644,0
3645,432
3646,31
3647,2
3648,8
3649,55
3650,0
3651,33
3652,106
3653,0
3654,0
3655,0
3656,2
3657,0
3658,1
3659,0
3660,7
3661,0
3662,116
3663,4
3664,0
3665,0
3666,15
3667,41
3668,16
3669,1
3670,45
3671,0
3672,81
3673,0
3674,0
3675,0
3676,0
3677,47
3678,17
3679,4
3680,0
3681,0
3682,8
3683,0
3684,1
3685,0
3686,1
3687,0
3688,0
3689,0
3690,0
3691,0
3692,0
3693,0
3694,14
3695,99
3696,0
3697,12
3698,0
3699,1
3700,7
3701,2
3702,6
3703,0
3704,4
3705,14
3706,246
3707,0
3708,0
3709,20
3710,0
3711,0
3712,2927
3713,302
3714,41
3715,354
3716,216
3717,542
3718,120
3719,64
3720,328
3721,28
3722,11
3723,125
3724,303
3725,39
3726,133
3727,247
3728,11
3729,114
3730,216
3731,416
3732,161
3733,161
3734,94
3735,19
3736,5
3737,132
3738,24
3739,47
3740,6
3741,32
3742,41
3743,393
3744,9
3745,20
3746,38
3747,24
3748,34
3749,25
3750,16
3751,71
3752,9
3753,51
3754,0
3755,4
3756,8
3757,23
3758,32
3759,75
3760,42
3761,7
3762,28
3763,29
3764,281
3765,4
3766,2
3767,70
3768,21
3769,0
3770,1
3771,690
3772,11
3773,7
3774,72
3775,7
3776,0
3777,5
3778,25
3779,0
3780,6
3781,155
3782,0
3783,0
3784,51
3785,10
3786,0
3787,13
3788,4
3789,3
3790,0
3791,0
3792,0
3793,7
3794,0
3795,18
3796,13
3797,0
3798,0
3799,1
3800,0
3801,73
3802,193
3803,54
3804,292
3805,797
3806,899
3807,65
3808,0
3809,2
3810,6
3811,1
3812,101
3813,230
3814,13
3815,8
3816,666
3817,144
3818,91
3819,3593
3820,10
3821,8
3822,2
3823,139
3824,40
3825,1
3826,318
3827,12
3828,0
3829,0
3830,20
3831,0
3832,0
3833,3635
3834,25
3835,18
3836,181
3837,234
3838,1676
3839,210
3840,696
3841,71
3842,56
3843,98
3844,32
3845,224
3846,11
3847,7
3848,0
3849,0
3850,12
3851,10
3852,0
3853,0
3854,70
3855,0
3856,182
3857,0
3858,0
3859,0
3860,378
3861,11
3862,0
3863,0
3864,0
3865,0
3866,0
3867,0
3868,19
3869,1
3870,2
3871,0
3872,7
3873,100
3874,70
3875,0
3876,0
3877,519
3878,36
3879,1
3880,10
3881,71
3882,0
3883,32
3884,126
3885,0
3886,0
3887,0
3888,3
3889,0
3890,0
3891,0
3892,8
3893,0
3894,120
3895,7
3896,0
3897,0
3898,15
3899,41
3900,17
3901,1
3902,61
3903,0
3904,109
3905,0
3906,0
3907,0
3908,0
3909,46
3910,11
3911,4
3912,0
3913,1
3914,13
3915,0
3916,2
3917,0
3918,3
3919,0
3920,0
3921,0
3922,0
3923,0
3924,0
3925,0
3926,22
3927,145
3928,1
3929,11
3930,0
3931,1
3932,10
3933,4
3934,4
3935,0
3936,2
3937,19
3938,294
3939,0
3940,0
3941,17
3942,0
3943,0
3944,3303
3945,308
3946,47
3947,431
3948,241
3949,594
3950,146
3951,69
3952,345
3953,41
3954,11
3955,122
3956,309
3957,47
3958,170
3959,271
3960,16
3961,122
3962,255
3963,421
3964,156
3965,150
3966,108
3967,27
3968,10
3969,168
3970,37
3971,86
3972,8
3973,36
3974,37
3975,439
3976,16
3977,20
3978,61
3979,31
3980,39
3981,24
3982,12
3983,95
3984,8
3985,51
3986,2
3987,8
3988,18
3989,34
3990,44
3991,89
3992,47
3993,7
3994,37
3995,32
3996,313
3997,6
3998,1
3999,82
4000,20
4001,0
4002,1
4003,876
4004,22
4005,8
4006,66
4007,9
4008,0
4009,2
4010,27
4011,0
4012,7
4013,154
4014,0
4015,0
4016,48
4017,6
4018,0
4019,17
4020,2
4021,5
4022,0
4023,0
4024,0
4025,7
4026,0
4027,22
4028,13
4029,0
4030,1
4031,0
4032,0
4033,71
4034,191
4035,55
4036,306
4037,824
4038,998
4039,65
4040,0
4041,3
4042,6
4043,2
4044,111
4045,276
4046,16
4047,12
4048,712
4049,132
4050,105
4051,4001
4052,13
4053,13
4054,0
4055,139
4056,40
4057,4
4058,334
4059,9
4060,0
4061,0
4062,16
4063,0
4064,0
4065,4011
4066,24
4067,23
4068,197
4069,234
4070,1821
4071,219
4072,741
4073,79
4074,53
4075,95
4076,32
4077,235
4078,12
4079,5
4080,0
4081,0
4082,14
4083,13
4084,0
4085,0
4086,81
4087,0
4088,199
4089,0
4090,0
4091,0
4092,382
4093,12
4094,0
4095,0
4096,0
4097,0
4098,0
4099,0
4100,26
4101,0
4102,1
4103,0
4104,7
4105,114
4106,67
4107,0
4108,0
4109,504
4110,38
4111,3
4112,8
4113,66
4114,0
4115,39
4116,132
4117,3
4118,0
4119,1
4120,2
4121,0
4122,1
4123,0
4124,13
4125,0
4126,136
4127,8
4128,0
4129,0
4130,13
4131,57
4132,30
4133,1
4134,66
4135,0
4136,104
4137,0
4138,0
4139,0
4140,0
4141,54
4142,16
4143,4
4144,0
4145,2
4146,8
4147,0
4148,3
4149,0
4150,3
4151,0
4152,4
4153,0
4154,0
4155,0
4156,0
4157,0
4158,24
4159,136
4160,2
4161,12
4162,0
4163,2
4164,8
4165,3
4166,6
4167,0
4168,4
4169,21
4170,300
4171,0
4172,0
4173,22
4174,0
4175,0
4176,3709
4177,354
4178,83
4179,492
4180,269
4181,710
4182,168
4183,89
4184,368
4185,36
4186,11
4187,139
4188,353
4189,51
4190,207
4191,319
4192,23
4193,124
4194,286
4195,458
4196,163
4197,168
4198,128
4199,49
4200,9
4201,178
4202,42
4203,87
4204,14
4205,42
4206,53
4207,461
4208,23
4209,24
4210,74
4211,58
4212,36
4213,32
4214,12
4215,94
4216,9
4217,56
4218,3
4219,10
4220,12
4221,39
4222,45
4223,92
4224,60
4225,9
4226,47
4227,32
4228,332
4229,8
4230,6
4231,81
4232,21
4233,0
4234,4
4235,957
4236,20
4237,11
4238,70
4239,9
4240,0
4241,4
4242,40
4243,0
4244,7
4245,165
4246,0
4247,0
4248,54
4249,12
4250,0
4251,15
4252,3
4253,4
4254,3
4255,0
4256,0
4257,6
4258,0
4259,23
4260,14
4261,0
4262,2
4263,2
4264,0
4265,73
4266,189
4267,71
4268,331
4269,869
4270,1121
4271,69
4272,0
4273,5
4274,10
4275,2
4276,125
4277,279
4278,17
4279,9
4280,765
4281,146
4282,132
4283,4508
4284,20
4285,14
4286,1
4287,179
4288,42
4289,3
4290,353
4291,14
4292,0
4293,0
4294,20
4295,0
4296,0
4297,4389
4298,37
4299,23
4300,216
4301,242
4302,1931
4303,206
4304,774
4305,92
4306,55
4307,113
4308,51
4309,265
4310,10
4311,6
4312,0
4313,0
4314,15
4315,13
4316,0
4317,0
4318,84
4319,0
4320,205
4321,0
4322,0
4323,0
4324,437
4325,19
4326,0
4327,0
4328,0
4329,2
4330,0
4331,0
4332,23
4333,2
4334,3
4335,0
4336,8
4337,150
4338,75
4339,0
4340,3
4341,545
4342,47
4343,6
4344,8
4345,90
4346,0
4347,38
4348,156
4349,0
4350,0
4351,0
4352,8
4353,0
4354,1
4355,0
4356,9
4357,0
4358,148
4359,4
4360,0
4361,0
4362,17
4363,71
4364,32
4365,2
4366,84
4367,0
4368,117
4369,0
4370,0
4371,0
4372,0
4373,54
4374,18
4375,5
4376,0
4377,0
4378,15
4379,0
4380,7
4381,1
4382,1
4383,0
4384,1
4385,0
4386,0
4387,0
4388,0
4389,0
4390,22
4391,161
4392,1
4393,12
4394,0
4395,1
4396,7
4397,2
4398,13
4399,0
4400,4
4401,21
4402,334
4403,0
4404,2
4405,30
4406,0
4407,0
4408,4160
4409,373
4410,97
4411,586
4412,271
4413,768
4414,214
4415,101
4416,459
4417,53
4418,9
4419,152
4420,369
4421,92
4422,251
4423,360
4424,21
4425,131
4426,355
4427,489
4428,170
4429,161
4430,141
4431,56
4432,18
4433,190
4434,49
4435,111
4436,25
4437,45
4438,51
4439,495
4440,28
4441,26
4442,94
4443,78
4444,40
4445,40
4446,17
4447,132
4448,9
4449,63
4450,3
4451,17
4452,22
4453,63
4454,58
4455,94
4456,78
4457,12
4458,66
4459,40
4460,359
4461,16
4462,2
4463,74
4464,26
4465,0
4466,6
4467,1155
4468,18
4469,10
4470,74
4471,14
4472,0
4473,7
4474,37
4475,0
4476,7
4477,182
4478,0
4479,0
4480,57
4481,12
4482,0
4483,13
4484,7
4485,5
4486,4
4487,0
4488,0
4489,5
4490,0
4491,21
4492,15
4493,0
4494,4
4495,3
4496,0
4497,74
4498,213
4499,83
4500,335
4501,904
4502,1206
4503,64
4504,0
4505,5
4506,13
4507,2
4508,123
4509,291
4510,18
4511,6
4512,786
4513,166
4514,120
4515,4836
4516,19
4517,14
4518,0
4519,216
4520,45
4521,12
4522,384
4523,22
4524,0
4525,0
4526,19
4527,0
4528,0
4529,4824
4530,35
4531,17
4532,207
4533,239
4534,2089
4535,255
4536,777
4537,67
4538,56
4539,120
4540,55
4541,277
4542,10
4543,8
4544,0
4545,0
4546,18
4547,15
4548,0
4549,0
4550,85
4551,0
4552,250
4553,0
4554,0
4555,0
4556,485
4557,24
4558,0
4559,0
4560,0
4561,2
4562,0
4563,0
4564,29
4565,3
4566,1
4567,0
4568,7
4569,181
4570,86
4571,0
4572,5
4573,619
4574,54
4575,4
4576,7
4577,96
4578,0
4579,40
4580,163
4581,0
4582,0
4583,1
4584,4
4585,0
4586,2
4587,0
4588,17
4589,0
4590,142
4591,6
4592,0
4593,0
4594,15
4595,73
4596,35
4597,1
4598,106
4599,0
4600,110
4601,0
4602,0
4603,0
4604,0
4605,63
4606,20
4607,6
4608,0
4609,3
4610,16
4611,0
4612,7
4613,1
4614,1
4615,1
4616,6
4617,0
4618,0
4619,0
4620,0
4621,0
4622,32
4623,162
4624,1
4625,12
4626,0
4627,3
4628,9
4629,10
4630,20
4631,0
4632,4
4633,26
4634,375
4635,0
4636,3
4637,40
4638,0
4639,0
4640,4653
4641,363
4642,126
4643,734
4644,319
4645,799
4646,304
4647,126
4648,531
4649,54
4650,11
4651,157
4652,363
4653,112
4654,299
4655,334
4656,30
4657,138
4658,415
4659,509
4660,180
4661,193
4662,161
4663,65
4664,14
4665,221
4666,61
4667,172
4668,22
4669,50
4670,60
4671,518
4672,30
4673,31
4674,105
4675,90
4676,40
4677,63
4678,24
4679,180
4680,10
4681,61
4682,6
4683,27
4684,28
4685,82
4686,60
4687,113
4688,93
4689,13
4690,61
4691,48
4692,385
4693,14
4694,3
4695,78
4696,30
4697,0
4698,10
4699,1296
4700,21
4701,10
4702,72
4703,16
4704,0
4705,1
4706,40
4707,1
4708,10
4709,179
4710,0
4711,0
4712,54
4713,10
4714,0
4715,13
4716,4
4717,9
4718,11
4719,0
4720,0
4721,6
4722,0
4723,20
4724,12
4725,0
4726,6
4727,1
4728,0
4729,86
4730,228
4731,68
4732,348
4733,942
4734,1252
4735,67
4736,0
4737,7
4738,18
4739,1
4740,138
4741,324
4742,16
4743,10
4744,831
4745,180
4746,144
4747,5399
4748,31
4749,17
4750,0
4751,248
4752,59
4753,6
4754,393
4755,20
4756,0
4757,0
4758,16
4759,0
4760,0
4761,5276
4762,38
4763,20
4764,233
4765,248
4766,2146
4767,281
4768,821
4769,84
4770,74
4771,143
4772,67
4773,301
4774,12
4775,13
4776,0
4777,0
4778,23
4779,13
4780,0
4781,0
4782,87
4783,0
4784,220
4785,0
4786,0
4787,0
4788,552
4789,25
4790,0
4791,0
4792,0
4793,2
4794,0
4795,0
4796,29
4797,5
4798,1
4799,0
4800,7
4801,204
4802,81
4803,0
4804,2
4805,599
4806,53
4807,7
4808,8
4809,92
4810,0
4811,39
4812,170
4813,3
4814,0
4815,2
4816,5
4817,0
4818,2
4819,0
4820,25
4821,0
4822,143
4823,4
4824,0
4825,0
4826,18
4827,73
4828,40
4829,1
4830,155
4831,0
4832,125
4833,0
4834,0
4835,0
4836,0
4837,61
4838,22
4839,5
4840,0
4841,1
4842,15
4843,0
4844,6
4845,1
4846,1
4847,0
4848,4
4849,0
4850,0
4851,0
4852,0
4853,0
4854,28
4855,156
4856,0
4857,9
4858,0
4859,2
4860,6
4861,6
4862,27
4863,0
4864,22
4865,29
4866,405
4867,0
4868,7
4869,45
4870,0
4871,0
4872,5309
4873,412
4874,155
4875,835
4876,328
4877,867
4878,374
4879,128
4880,627
4881,78
4882,19
4883,206
4884,382
4885,120
4886,326
4887,372
4888,33
4889,146
4890,477
4891,536
4892,185
4893,189
4894,194
4895,71
4896,17
4897,274
4898,68
4899,223
4900,22
4901,59
4902,52
4903,542
4904,40
4905,30
4906,128
4907,96
4908,45
4909,61
4910,11
4911,234
4912,12
4913,65
4914,11
4915,39
4916,27
4917,98
4918,62
4919,100
4920,103
4921,16
4922,73
4923,54
4924,389
4925,14
4926,5
4927,82
4928,30
4929,0
4930,5
4931,1392
4932,29
4933,10
4934,72
4935,18
4936,0
4937,9
4938,53
4939,0
4940,11
4941,185
4942,0
4943,0
4944,58
4945,22
4946,0
4947,17
4948,5
4949,10
4950,13
4951,0
4952,0
4953,6
4954,0
4955,18
4956,16
4957,0
4958,6
4959,1
4960,1
4961,92
4962,229
4963,92
4964,389
4965,947
4966,1391
4967,66
4968,0
4969,6
4970,18
4971,1
4972,168
4973,301
4974,17
4975,10
4976,861
4977,255
4978,150
4979,5678
4980,35
4981,17
4982,2
4983,238
4984,67
4985,8
4986,431
4987,23
4988,0
4989,0
4990,18
4991,0
4992,0
4993,5863
4994,35
4995,20
4996,237
4997,236
4998,2287
4999,309
5000,800
5001,87
5002,66
5003,126
5004,47
5005,331
5006,10
5007,14
5008,0
5009,0
5010,29
5011,17
5012,0
5013,0
5014,92
5015,0
5016,245
5017,0
5018,0
5019,0
5020,578
5021,31
5022,0
5023,0
5024,0
5025,1
5026,0
5027,0
5028,34
5029,3
5030,4
5031,0
5032,8
5033,242
5034,91
5035,0
5036,4
5037,688
5038,60
5039,14
5040,9
5041,101
5042,0
5043,51
5044,184
5045,5
5046,0
5047,1
5048,5
5049,0
5050,7
5051,0
5052,25
5053,0
5054,162
5055,12
5056,0
5057,0
5058,15
5059,94
5060,41
5061,1
5062,159
5063,0
5064,136
5065,0
5066,0
5067,0
5068,0
5069,54
5070,32
5071,5
5072,0
5073,3
5074,18
5075,3
5076,9
5077,3
5078,2
5079,0
5080,4
5081,0
5082,0
5083,0
5084,0
5085,0
5086,34
5087,178
5088,1
5089,10
5090,0
5091,3
5092,6
5093,6
5094,24
5095,0
5096,21
5097,32
5098,431
5099,0
5100,15
5101,47
5102,0
5103,0
5104,5905
5105,422
5106,160
5107,934
5108,338
5109,910
5110,421
5111,153
5112,718
5113,80
5114,19
5115,222
5116,438
5117,145
5118,362
5119,376
5120,39
5121,146
5122,506
5123,558
5124,184
5125,201
5126,209
5127,79
5128,15
5129,294
5130,81
5131,224
5132,23
5133,58
5134,75
5135,543
5136,39
5137,33
5138,137
5139,85
5140,51
5141,43
5142,15
5143,258
5144,7
5145,70
5146,10
5147,38
5148,18
5149,117
5150,69
5151,113
5152,103
5153,16
5154,73
5155,70
5156,399
5157,27
5158,3
5159,82
5160,33
5161,0
5162,4
5163,1540
5164,22
5165,8
5166,76
5167,14
5168,0
5169,10
5170,47
5171,0
5172,15
5173,198
5174,1
5175,0
5176,59
5177,21
5178,0
5179,18
5180,5
5181,9
5182,12
5183,0
5184,0
5185,6
5186,0
5187,31
5188,15
5189,0
5190,5
5191,3
5192,3
5193,95
5194,230
5195,105
5196,395
5197,953
5198,1402
5199,75
5200,0
5201,4
5202,20
5203,2
5204,168
5205,330
5206,20
5207,11
5208,847
5209,204
5210,147
5211,6082
5212,38
5213,22
5214,0
5215,248
5216,66
5217,9
5218,429
5219,21
5220,0
5221,0
5222,22
5223,0
5224,0
5225,6454
5226,38
5227,23
5228,259
5229,264
5230,2482
5231,337
5232,841
5233,95
5234,77
5235,169
5236,52
5237,337
5238,11
5239,14
5240,0
5241,0
5242,30
5243,14
5244,0
5245,0
5246,85
5247,0
5248,286
5249,0
5250,0
5251,0
5252,645
5253,44
5254,0
5255,0
5256,0
5257,5
5258,0
5259,0
5260,38
5261,2
5262,4
5263,0
5264,6
5265,265
5266,81
5267,0
5268,5
5269,664
5270,51
5271,13
5272,9
5273,87
5274,0
5275,46
5276,215
5277,1
5278,0
5279,1
5280,5
5281,0
5282,3
5283,0
5284,37
5285,0
5286,166
5287,9
5288,0
5289,0
5290,20
5291,80
5292,43
5293,2
5294,184
5295,0
5296,163
5297,0
5298,0
5299,0
5300,0
5301,80
5302,33
5303,6
5304,0
5305,1
5306,13
5307,0
5308,10
5309,2
5310,6
5311,0
5312,7
5313,0
5314,0
5315,0
5316,0
5317,0
5318,38
5319,196
5320,1
5321,10
5322,0
5323,4
5324,6
5325,2
5326,36
5327,0
5328,23
5329,58
5330,438
5331,0
5332,8
5333,45
5334,0
5335,0
5336,6533
5337,408
5338,151
5339,1082
5340,340
5341,945
5342,487
5343,151
5344,815
5345,88
5346,17
5347,230
5348,453
5349,148
5350,373
5351,374
5352,43
5353,154
5354,575
5355,602
5356,208
5357,191
5358,245
5359,82
5360,31
5361,316
5362,84
5363,247
5364,26
5365,67
5366,85
5367,551
5368,45
5369,33
5370,169
5371,100
5372,57
5373,52
5374,12
5375,284
5376,9
5377,62
5378,9
5379,43
5380,28
5381,119
5382,80
5383,119
5384,105
5385,17
5386,70
5387,66
5388,418
5389,21
5390,2
5391,83
5392,35
5393,0
5394,11
5395,1566
5396,24
5397,8
5398,87
5399,17
5400,0
5401,10
5402,54
5403,1
5404,10
5405,206
5406,0
5407,0
5408,57
5409,24
5410,0
5411,22
5412,5
5413,10
5414,17
5415,0
5416,0
5417,6
5418,0
5419,30
5420,14
5421,0
5422,7
5423,4
5424,0
5425,104
5426,227
5427,121
5428,411
5429,1008
5430,1509
5431,83
5432,0
5433,3
5434,23
5435,1
5436,195
5437,346
5438,22
5439,29
5440,827
5441,197
5442,156
5443,6096
5444,48
5445,16
5446,0
5447,276
5448,66
5449,8
5450,423
5451,27
5452,0
5453,0
5454,21
5455,0
5456,0
5457,6980
5458,36
5459,18
5460,240
5461,247
5462,2607
5463,335
5464,850
5465,106
5466,73
5467,165
5468,60
5469,356
5470,11
5471,20
5472,0
5473,0
5474,32
5475,14
5476,0
5477,0
5478,92
5479,0
5480,279
5481,0
5482,0
5483,0
5484,683
5485,41
5486,0
5487,0
5488,0
5489,6
5490,0
5491,0
5492,38
5493,3
5494,7
5495,0
5496,6
5497,305
5498,96
5499,0
5500,5
5501,664
5502,51
5503,11
5504,11
5505,100
5506,0
5507,46
5508,216
5509,2
5510,0
5511,1
5512,4
5513,0
5514,1
5515,0
5516,35
5517,0
5518,172
5519,9
5520,0
5521,0
5522,19
5523,105
5524,45
5525,3
5526,214
5527,0
5528,155
5529,0
5530,0
5531,0
5532,0
5533,71
5534,38
5535,6
5536,0
5537,3
5538,13
5539,3
5540,4
5541,2
5542,3
5543,0
5544,11
5545,0
5546,0
5547,0
5548,0
5549,0
5550,43
5551,199
5552,1
5553,9
5554,0
5555,3
5556,7
5557,4
5558,26
5559,0
5560,31
5561,49
5562,497
5563,0
5564,5
5565,44
5566,0
5567,0
5568,6966
5569,431
5570,137
5571,1138
5572,353
5573,1000
5574,516
5575,150
5576,870
5577,98
5578,21
5579,266
5580,477
5581,177
5582,395
5583,366
5584,36
5585,162
5586,604
5587,613
5588,201
5589,191
5590,242
5591,91
5592,24
5593,358
5594,86
5595,275
5596,35
5597,70
5598,99
5599,572
5600,53
5601,28
5602,172
5603,85
5604,61
5605,62
5606,11
5607,312
5608,14
5609,66
5610,5
5611,44
5612,33
5613,141
5614,87
5615,120
5616,106
5617,14
5618,77
5619,69
5620,456
5621,24
5622,4
5623,83
5624,37
5625,0
5626,7
5627,1718
5628,24
5629,8
5630,99
5631,18
5632,0
5633,7
5634,56
5635,2
5636,11
5637,218
5638,0
5639,0
5640,70
5641,19
5642,0
5643,16
5644,6
5645,8
5646,15
5647,0
5648,0
5649,6
5650,0
5651,36
5652,12
5653,0
5654,10
5655,4
5656,1
5657,101
5658,238
5659,139
5660,392
5661,1010
5662,1491
5663,87
5664,0
5665,6
5666,17
5667,1
5668,200
5669,357
5670,17
5671,20
5672,907
5673,204
5674,158
5675,6495
5676,41
5677,17
5678,0
5679,252
5680,76
5681,6
5682,414
5683,24
5684,0
5685,0
5686,25
5687,0
5688,0
5689,7434
5690,38
5691,18
5692,268
5693,257
5694,2723
5695,343
5696,886
5697,94
5698,78
5699,165
5700,52
5701,381
5702,12
5703,21
5704,0
5705,0
5706,31
5707,12
5708,0
5709,0
5710,97
5711,0
5712,275
5713,0
5714,0
5715,0
5716,713
5717,38
5718,0
5719,0
5720,0
5721,3
5722,1
5723,0
5724,35
5725,2
5726,10
5727,0
5728,7
5729,308
5730,103
5731,0
5732,5
5733,691
5734,56
5735,12
5736,9
5737,88
5738,0
5739,43
5740,213
5741,4
5742,0
5743,6
5744,7
5745,0
5746,2
5747,0
5748,29
5749,0
5750,197
5751,4
5752,0
5753,0
5754,17
5755,110
5756,45
5757,2
5758,222
5759,0
5760,169
5761,0
5762,0
5763,0
5764,0
5765,81
5766,33
5767,5
5768,0
5769,2
5770,16
5771,0
5772,8
5773,3
5774,2
5775,0
5776,17
5777,0
5778,0
5779,0
5780,0
5781,0
5782,37
5783,190
5784,2
5785,11
5786,0
5787,3
5788,8
5789,10
5790,23
5791,0
5792,28
5793,56
5794,543
5795,0
5796,14
5797,45
5798,0
5799,0
5800,7337
5801,421
5802,153
5803,1163
5804,345
5805,988
5806,527
5807,177
5808,972
5809,118
5810,25
5811,284
5812,478
5813,161
5814,412
5815,352
5816,33
5817,150
5818,607
5819,613
5820,206
5821,210
5822,259
5823,88
5824,27
5825,355
5826,91
5827,325
5828,46
5829,71
5830,99
5831,576
5832,61
5833,33
5834,179
5835,93
5836,64
5837,59
5838,18
5839,346
5840,10
5841,63
5842,14
5843,51
5844,27
5845,134
5846,87
5847,118
5848,114
5849,14
5850,63
5851,77
5852,464
5853,21
5854,5
5855,85
5856,38
5857,0
5858,16
5859,1764
5860,21
5861,13
5862,95
5863,22
5864,0
5865,10
5866,60
5867,1
5868,11
5869,219
5870,1
5871,0
5872,64
5873,23
5874,0
5875,15
5876,3
5877,9
5878,10
5879,0
5880,0
5881,5
5882,0
5883,36
5884,13
5885,0
5886,5
5887,2
5888,0
5889,102
5890,250
5891,138
5892,380
5893,982
5894,1534
5895,90
5896,0
5897,4
5898,19
5899,2
5900,191
5901,358
5902,20
5903,22
5904,923
5905,202
5906,176
5907,6488
5908,55
5909,17
5910,0
5911,263
5912,78
5913,6
5914,416
5915,36
5916,0
5917,0
5918,25
5919,0
5920,0
5921,7808
5922,43
5923,19
5924,291
5925,263
5926,2835
5927,359
5928,912
5929,99
5930,98
5931,132
5932,54
5933,364
5934,10
5935,21
5936,0
5937,0
5938,42
5939,10
5940,0
5941,0
5942,92
5943,0
5944,283
5945,0
5946,0
5947,0
5948,742
5949,37
5950,0
5951,0
5952,0
5953,4
5954,2
5955,0
5956,36
5957,5
5958,7
5959,0
5960,8
5961,326
5962,128
5963,0
5964,4
5965,694
5966,45
5967,3
5968,14
5969,99
5970,0
5971,44
5972,233
5973,1
5974,0
5975,6
5976,5
5977,0
5978,6
5979,0
5980,43
5981,0
5982,188
5983,3
5984,0
5985,0
5986,18
5987,118
5988,43
5989,1
5990,242
5991,0
5992,187
5993,0
5994,0
5995,0
5996,0
5997,76
5998,28
5999,5
6000,0
6001,3
6002,10
6003,1
6004,5
6005,1
6006,3
6007,0
6008,14
6009,0
6010,0
6011,0
6012,0
6013,0
6014,41
6015,198
6016,1
6017,15
6018,0
6019,3
6020,8
6021,7
6022,43
6023,0
6024,27
6025,57
6026,578
6027,0
6028,14
6029,39
6030,0
6031,0
6032,7525
6033,432
6034,180
6035,1197
6036,354
6037,1004
6038,527
6039,156
6040,1011
6041,95
6042,27
6043,275
6044,507
6045,167
6046,385
6047,382
6048,26
6049,151
6050,665
6051,616
6052,207
6053,189
6054,263
6055,99
6056,30
6057,371
6058,101
6059,323
6060,38
6061,70
6062,101
6063,586
6064,47
6065,28
6066,186
6067,107
6068,68
6069,53
6070,21
6071,343
6072,13
6073,72
6074,10
6075,46
6076,30
6077,143
6078,87
6079,125
6080,122
6081,11
6082,66
6083,83
6084,499
6085,26
6086,7
6087,82
6088,37
6089,0
6090,15
6091,1787
6092,25
6093,11
6094,93
6095,17
6096,0
6097,9
6098,46
6099,0
6100,8
6101,212
6102,0
6103,0
6104,63
6105,27
6106,0
6107,20
6108,5
6109,7
6110,10
6111,0
6112,0
6113,5
6114,0
6115,27
6116,14
6117,0
6118,4
6119,3
6120,1
6121,100
6122,259
6123,128
6124,410
6125,1000
6126,1515
6127,91
6128,0
6129,5
6130,16
6131,2
6132,179
6133,374
6134,23
6135,18
6136,907
6137,191
6138,150
6139,6611
6140,62
6141,16
6142,0
6143,269
6144,75
6145,5
6146,435
6147,39
6148,0
6149,0
6150,26
6151,0
6152,0
6153,8089
6154,40
6155,19
6156,279
6157,257
6158,2808
6159,317
6160,933
6161,94
6162,111
6163,162
6164,63
6165,374
6166,8
6167,18
6168,0
6169,0
6170,44
6171,12
6172,0
6173,0
6174,88
6175,0
6176,297
6177,0
6178,0
6179,0
6180,770
6181,51
6182,0
6183,0
6184,0
6185,4
6186,1
6187,0
6188,37
6189,1
6190,6
6191,0
6192,7
6193,329
6194,115
6195,0
6196,0
6197,707
6198,52
6199,6
6200,11
6201,97
6202,0
6203,47
6204,239
6205,2
6206,0
6207,9
6208,7
6209,0
6210,4
6211,0
6212,47
6213,0
6214,193
6215,4
6216,0
6217,0
6218,21
6219,104
6220,41
6221,1
6222,232
6223,0
6224,175
6225,0
6226,0
6227,0
6228,0
6229,90
6230,31
6231,7
6232,0
6233,2
6234,13
6235,0
6236,6
6237,1
6238,5
6239,0
6240,11
6241,0
6242,0
6243,0
6244,0
6245,0
6246,50
6247,205
6248,2
6249,8
6250,0
6251,1
6252,9
6253,7
6254,31
6255,0
6256,38
6257,48
6258,580
6259,0
6260,21
6261,50
6262,0
6263,0
6264,7863
6265,442
6266,182
6267,1232
6268,334
6269,1065
6270,551
6271,165
6272,1059
6273,137
6274,23
6275,271
6276,499
6277,178
6278,425
6279,367
6280,42
6281,164
6282,685
6283,622
6284,205
6285,166
6286,243
6287,94
6288,21
6289,392
6290,116
6291,293
6292,51
6293,75
6294,100
6295,586
6296,64
6297,28
6298,218
6299,95
6300,70
6301,69
6302,16
6303,315
6304,12
6305,67
6306,12
6307,46
6308,37
6309,157
6310,100
6311,118
6312,109
6313,14
6314,59
6315,60
6316,494
6317,43
6318,7
6319,81
6320,34
6321,0
6322,15
6323,1810
6324,29
6325,10
6326,94
6327,20
6328,0
6329,16
6330,47
6331,2
6332,11
6333,223
6334,0
6335,0
6336,62
6337,12
6338,1
6339,22
6340,3
6341,5
6342,8
6343,0
6344,0
6345,5
6346,0
6347,32
6348,11
6349,0
6350,5
6351,7
6352,0
6353,96
6354,255
6355,137
6356,435
6357,1041
6358,1496
6359,83
6360,0
6361,10
6362,13
6363,3
6364,202
6365,371
6366,22
6367,17
6368,914
6369,197
6370,159
6371,6645
6372,47
6373,15
6374,0
6375,247
6376,63
6377,2
6378,402
6379,41
6380,0
6381,0
6382,28
6383,0
6384,0
6385,8349
6386,45
6387,23
6388,297
6389,259
6390,2865
6391,373
6392,935
6393,103
6394,105
6395,133
6396,67
6397,361
6398,11
6399,17
6400,0
6401,0
6402,44
6403,14
6404,0
6405,0
6406,91
6407,0
6408,280
6409,0
6410,0
6411,0
6412,756
6413,50
6414,0
6415,0
6416,0
6417,4
6418,1
6419,0
6420,34
6421,0
6422,5
6423,0
6424,8
6425,322
6426,114
6427,0
6428,5
6429,637
6430,48
6431,10
6432,12
6433,78
6434,0
6435,45
6436,215
6437,0
6438,0
6439,5
6440,1
6441,0
6442,2
6443,0
6444,46
6445,0
6446,201
6447,1
6448,0
6449,0
6450,19
6451,127
6452,38
6453,3
6454,275
6455,0
6456,178
6457,0
6458,0
6459,0
6460,0
6461,96
6462,29
6463,5
6464,0
6465,2
6466,11
6467,1
6468,7
6469,1
6470,4
6471,0
6472,12
6473,0
6474,0
6475,0
6476,0
6477,0
6478,44
6479,180
6480,2
6481,12
6482,0
6483,1
6484,7
6485,18
6486,40
6487,0
6488,38
6489,63
6490,596
6491,0
6492,12
6493,47
6494,0
6495,0
6496,7976
6497,449
6498,159
6499,1232
6500,334
6501,1038
6502,564
6503,192
6504,1049
6505,132
6506,25
6507,267
6508,505
6509,176
6510,462
6511,392
6512,39
6513,168
6514,730
6515,634
6516,196
6517,190
6518,254
6519,95
6520,29
6521,396
6522,114
6523,317
6524,51
6525,72
6526,103
6527,585
6528,69
6529,30
6530,214
6531,116
6532,54
6533,56
6534,16
6535,337
6536,13
6537,73
6538,14
6539,54
6540,36
6541,134
6542,101
6543,114
6544,115
6545,18
6546,50
6547,62
6548,466
6549,45
6550,11
6551,74
6552,39
6553,0
6554,16
6555,1819
6556,24
6557,13
6558,90
6559,25
6560,0
6561,10
6562,43
6563,0
6564,11
6565,226
6566,0
6567,0
6568,76
6569,17
6570,0
6571,18
6572,5
6573,7
6574,14
6575,0
6576,0
6577,7
6578,0
6579,33
6580,24
6581,0
6582,3
6583,4
6584,1
6585,102
6586,261
6587,128
6588,429
6589,1022
6590,1501
6591,80
6592,0
6593,8
6594,15
6595,2
6596,207
6597,359
6598,25
6599,5
6600,904
6601,189
6602,162
6603,6596
6604,53
6605,13
6606,1
6607,237
6608,67
6609,5
6610,393
6611,39
6612,0
6613,0
6614,23
6615,0
6616,0
6617,8453
6618,52
6619,17
6620,303
6621,263
6622,2867
6623,352
6624,920
6625,107
6626,105
6627,172
6628,70
6629,362
6630,10
6631,21
6632,0
6633,0
6634,43
6635,14
6636,0
6637,0
6638,82
6639,0
6640,271
6641,0
6642,0
6643,0
6644,773
6645,44
6646,0
6647,0
6648,0
6649,4
6650,0
6651,0
6652,34
6653,4
6654,3
6655,0
6656,7
6657,361
6658,119
6659,0
6660,1
6661,635
6662,49
6663,6
6664,11
6665,90
6666,0
6667,44
6668,230
6669,9
6670,0
6671,3
6672,3
6673,0
6674,3
6675,0
6676,49
6677,0
6678,186
6679,5
6680,0
6681,0
6682,21
6683,109
6684,49
6685,3
6686,282
6687,0
6688,203
6689,0
6690,0
6691,0
6692,0
6693,86
6694,38
6695,6
6696,0
6697,3
6698,11
6699,1
6700,3
6701,1
6702,3
6703,0
6704,12
6705,0
6706,0
6707,0
6708,0
6709,0
6710,52
6711,182
6712,1
6713,11
6714,0
6715,1
6716,10
6717,8
6718,48
6719,0
6720,40
6721,75
6722,593
6723,0
6724,22
6725,51
6726,0
6727,0
6728,8106
6729,467
6730,208
6731,1206
6732,345
6733,1025
6734,548
6735,192
6736,1096
6737,128
6738,22
6739,268
6740,506
6741,178
6742,444
6743,372
6744,44
6745,161
6746,785
6747,649
6748,189
6749,176
6750,234
6751,95
6752,26
6753,380
6754,109
6755,285
6756,54
6757,68
6758,95
6759,624
6760,86
6761,35
6762,225
6763,118
6764,46
6765,55
6766,22
6767,309
6768,16
6769,64
6770,12
6771,46
6772,35
6773,121
6774,82
6775,116
6776,99
6777,18
6778,48
6779,67
6780,470
6781,27
6782,7
6783,71
6784,38
6785,0
6786,12
6787,1834
6788,29
6789,11
6790,91
6791,21
6792,0
6793,14
6794,45
6795,0
6796,12
6797,236
6798,0
6799,0
6800,65
6801,26
6802,0
6803,26
6804,4
6805,7
6806,13
6807,0
6808,0
6809,7
6810,0
6811,33
6812,14
6813,0
6814,10
6815,5
6816,0
6817,97
6818,240
6819,130
6820,401
6821,1019
6822,1488
6823,97
6824,0
6825,11
6826,14
6827,2
6828,206
6829,355
6830,25
6831,13
6832,955
6833,177
6834,167
6835,6511
6836,54
6837,13
6838,0
6839,266
6840,73
6841,4
6842,393
6843,25
6844,0
6845,0
6846,24
6847,0
6848,0
6849,8575
6850,49
6851,21
6852,319
6853,266
6854,2894
6855,388
6856,928
6857,108
6858,105
6859,151
6860,69
6861,339
6862,10
6863,12
6864,0
6865,0
6866,46
6867,11
6868,0
6869,0
6870,110
6871,0
6872,269
6873,0
6874,0
6875,0
6876,764
6877,36
6878,0
6879,0
6880,0
6881,6
6882,0
6883,0
6884,34
6885,6
6886,5
6887,0
6888,7
6889,392
6890,114
6891,0
6892,1
6893,612
6894,61
6895,4
6896,11
6897,85
6898,0
6899,41
6900,238
6901,4
6902,0
6903,5
6904,5
6905,0
6906,5
6907,0
6908,43
6909,0
6910,180
6911,1
6912,0
6913,0
6914,16
6915,103
6916,59
6917,2
6918,269
6919,0
6920,207
6921,0
6922,0
6923,0
6924,0
6925,89
6926,39
6927,4
6928,0
6929,2
6930,12
6931,0
6932,6
6933,2
6934,5
6935,0
6936,13
6937,0
6938,0
6939,0
6940,0
6941,0
6942,46
6943,186
6944,2
6945,7
6946,0
6947,1
6948,9
6949,11
6950,44
6951,0
6952,35
6953,69
6954,610
6955,0
6956,13
6957,48
6958,0
6959,0
6960,8213
6961,450
6962,219
6963,1225
6964,356
6965,1031
6966,544
6967,170
6968,1071
6969,122
6970,23
6971,277
6972,510
6973,185
6974,464
6975,381
6976,40
6977,179
6978,787
6979,604
6980,200
6981,182
6982,236
6983,76
6984,22
6985,381
6986,95
6987,283
6988,57
6989,74
6990,93
6991,582
6992,59
6993,37
6994,238
6995,112
6996,44
6997,51
6998,17
6999,319
7000,13
7001,72
7002,8
7003,58
7004,29
7005,103
7006,81
7007,120
7008,115
7009,16
7010,55
7011,66
7012,455
7013,31
7014,5
7015,77
7016,39
7017,0
7018,19
7019,1828
7020,16
7021,9
7022,84
7023,16
7024,0
7025,10
7026,48
7027,0
7028,17
7029,229
7030,0
7031,0
7032,59
7033,28
7034,0
7035,21
7036,4
7037,6
7038,11
7039,0
7040,0
7041,6
7042,0
7043,29
7044,15
7045,0
7046,6
7047,3
7048,0
7049,88
7050,242
7051,143
7052,388
7053,1023
7054,1513
7055,88
7056,0
7057,8
7058,18
7059,1
7060,198
7061,386
7062,29
7063,19
7064,972
7065,197
7066,167
7067,6547
7068,55
7069,14
7070,0
7071,255
7072,65
7073,3
7074,391
7075,24
7076,0
7077,0
7078,27
7079,0
7080,0
7081,8711
7082,47
7083,30
7084,327
7085,254
7086,2914
7087,369
7088,926
7089,121
7090,120
7091,158
7092,59
7093,341
7094,10
7095,17
7096,0
7097,0
7098,47
7099,11
7100,0
7101,0
7102,101
7103,0
7104,293
7105,0
7106,0
7107,0
7108,713
7109,45
7110,0
7111,0
7112,0
7113,1
7114,0
7115,0
7116,35
7117,3
7118,4
7119,0
7120,7
7121,370
7122,118
7123,0
7124,4
7125,630
7126,47
7127,5
7128,10
7129,87
7130,0
7131,43
7132,228
7133,0
7134,0
7135,2
7136,7
7137,0
7138,8
7139,0
7140,38
7141,0
7142,173
7143,7
7144,0
7145,0
7146,18
7147,110
7148,50
7149,1
7150,260
7151,0
7152,223
7153,0
7154,0
7155,0
7156,0
7157,91
7158,41
7159,8
7160,0
7161,1
7162,11
7163,0
7164,2
7165,2
7166,4
7167,0
7168,10
7169,0
7170,0
7171,0
7172,0
7173,0
7174,53
7175,173
7176,0
7177,12
7178,0
7179,1
7180,10
7181,15
7182,57
7183,0
7184,34
7185,72
7186,652
7187,0
7188,13
7189,50
7190,0
7191,0
7192,8427
7193,489
7194,192
7195,1177
7196,330
7197,1025
7198,491
7199,180
7200,1084
7201,106
7202,18
7203,323
7204,472
7205,178
7206,421
7207,351
7208,39
7209,161
7210,747
7211,599
7212,183
7213,178
7214,207
7215,65
7216,22
7217,375
7218,95
7219,296
7220,53
7221,68
7222,75
7223,629
7224,51
7225,32
7226,233
7227,102
7228,38
7229,54
7230,19
7231,333
7232,16
7233,69
7234,11
7235,65
7236,29
7237,92
7238,78
7239,119
7240,110
7241,16
7242,46
7243,84
7244,454
7245,29
7246,4
7247,71
7248,35
7249,0
7250,18
7251,1926
7252,16
7253,9
7254,79
7255,18
7256,0
7257,13
7258,42
7259,0
7260,13
7261,203
7262,0
7263,0
7264,66
7265,19
7266,0
7267,14
7268,6
7269,7
7270,9
7271,0
7272,0
7273,6
7274,0
7275,36
7276,11
7277,0
7278,8
7279,5
7280,0
7281,86
7282,241
7283,138
7284,404
7285,1030
7286,1606
7287,90
7288,0
7289,11
7290,14
7291,2
7292,224
7293,382
7294,28
7295,19
7296,939
7297,209
7298,168
7299,6728
7300,48
7301,20
7302,0
7303,281
7304,66
7305,6
7306,410
7307,22
7308,0
7309,0
7310,23
7311,0
7312,0
7313,8797
7314,51
7315,23
7316,300
7317,255
7318,2920
7319,392
7320,913
7321,110
7322,112
7323,175
7324,57
7325,349
7326,12
7327,18
7328,0
7329,0
7330,47
7331,12
7332,0
7333,0
7334,92
7335,0
7336,289
7337,0
7338,0
7339,0
7340,673
7341,31
7342,0
7343,0
7344,0
7345,2
7346,0
7347,0
7348,31
7349,0
7350,5
7351,0
7352,6
7353,346
7354,117
7355,0
7356,3
7357,628
7358,58
7359,4
7360,9
7361,92
7362,0
7363,47
7364,226
7365,2
7366,0
7367,4
7368,5
7369,0
7370,5
7371,0
7372,33
7373,0
7374,177
7375,5
7376,0
7377,0
7378,17
7379,88
7380,47
7381,1
7382,213
7383,0
7384,230
7385,0
7386,0
7387,0
7388,0
7389,79
7390,43
7391,4
7392,0
7393,2
7394,12
7395,0
7396,3
7397,2
7398,5
7399,0
7400,14
7401,0
7402,0
7403,0
7404,0
7405,0
7406,32
7407,190
7408,0
7409,9
7410,0
7411,3
7412,6
7413,10
7414,60
7415,0
7416,41
7417,60
7418,616
7419,0
7420,15
7421,43
7422,0
7423,0
7424,8469
7425,477
7426,213
7427,1079
7428,307
7429,936
7430,448
7431,160
7432,1099
7433,112
7434,21
7435,333
7436,455
7437,136
7438,390
7439,303
7440,24
7441,145
7442,770
7443,570
7444,194
7445,190
7446,213
7447,50
7448,19
7449,402
7450,75
7451,251
7452,47
7453,72
7454,75
7455,677
7456,60
7457,34
7458,203
7459,81
7460,38
7461,45
7462,21
7463,291
7464,13
7465,65
7466,6
7467,50
7468,20
7469,60
7470,81
7471,110
7472,82
7473,12
7474,46
7475,75
7476,466
7477,13
7478,3
7479,79
7480,29
7481,0
7482,17
7483,2006
7484,19
7485,9
7486,82
7487,14
7488,0
7489,7
7490,39
7491,0
7492,9
7493,201
7494,0
7495,0
7496,66
7497,14
7498,0
7499,25
7500,4
7501,8
7502,5
7503,0
7504,0
7505,5
7506,0
7507,27
7508,9
7509,0
7510,5
7511,4
7512,0
7513,89
7514,241
7515,141
7516,432
7517,1061
7518,1580
7519,98
7520,0
7521,5
7522,15
7523,2
7524,195
7525,358
7526,23
7527,12
7528,984
7529,216
7530,171
7531,6660
7532,40
7533,13
7534,0
7535,270
7536,69
7537,2
7538,399
7539,20
7540,0
7541,0
7542,31
7543,0
7544,0
7545,8882
7546,37
7547,26
7548,310
7549,265
7550,2943
7551,424
7552,924
7553,133
7554,110
7555,153
7556,42
7557,347
7558,13
7559,24
7560,0
7561,0
7562,46
7563,11
7564,0
7565,0
7566,93
7567,0
7568,297
7569,0
7570,0
7571,0
7572,642
7573,32
7574,0
7575,0
7576,0
7577,1
7578,0
7579,0
7580,24
7581,0
7582,5
7583,0
7584,11
7585,370
7586,103
7587,0
7588,1
7589,720
7590,46
7591,11
7592,10
7593,84
7594,0
7595,41
7596,235
7597,1
7598,0
7599,1
7600,6
7601,0
7602,2
7603,0
7604,25
7605,0
7606,160
7607,6
7608,0
7609,0
7610,18
7611,103
7612,55
7613,2
7614,218
7615,0
7616,193
7617,0
7618,0
7619,0
7620,0
7621,84
7622,41
7623,7
7624,0
7625,2
7626,7
7627,0
7628,4
7629,1
7630,6
7631,0
7632,7
7633,0
7634,0
7635,0
7636,0
7637,0
7638,25
7639,200
7640,0
7641,8
7642,0
7643,4
7644,6
7645,5
7646,54
7647,0
7648,35
7649,62
7650,595
7651,0
7652,13
7653,52
7654,0
7655,0
7656,8850
7657,448
7658,244
7659,966
7660,284
7661,888
7662,403
7663,133
7664,1116
7665,113
7666,16
7667,298
7668,421
7669,126
7670,347
7671,287
7672,23
7673,147
7674,771
7675,567
7676,185
7677,184
7678,188
7679,36
7680,25
7681,369
7682,76
7683,240
7684,68
7685,65
7686,78
7687,699
7688,50
7689,29
7690,172
7691,62
7692,39
7693,37
7694,15
7695,261
7696,12
7697,59
7698,6
7699,45
7700,25
7701,33
7702,71
7703,92
7704,54
7705,12
7706,25
7707,65
7708,435
7709,10
7710,6
7711,80
7712,30
7713,0
7714,21
7715,2093
7716,7
7717,9
7718,71
7719,14
7720,0
7721,5
7722,33
7723,0
7724,8
7725,195
7726,0
7727,0
7728,62
7729,26
7730,0
7731,22
7732,2
7733,5
7734,3
7735,0
7736,0
7737,6
7738,0
7739,26
7740,12
7741,0
7742,5
7743,0
7744,0
7745,79
7746,253
7747,159
7748,444
7749,1046
7750,1741
7751,93
7752,0
7753,3
7754,8
7755,3
7756,213
7757,354
7758,22
7759,19
7760,1003
7761,238
7762,168
7763,6819
7764,50
7765,12
7766,0
7767,325
7768,63
7769,1
7770,380
7771,22
7772,0
7773,0
7774,27
7775,0
7776,0
7777,9088
7778,36
7779,25
7780,340
7781,270
7782,3101
7783,457
7784,973
7785,157
7786,119
7787,149
7788,51
7789,328
7790,8
7791,14
7792,0
7793,0
7794,38
7795,11
7796,0
7797,0
7798,94
7799,0
7800,333
7801,0
7802,0
7803,0
7804,578
7805,22
7806,0
7807,0
7808,0
7809,2
7810,0
7811,0
7812,28
7813,0
7814,1
7815,0
7816,6
7817,363
7818,105
7819,0
7820,0
7821,774
7822,42
7823,2
7824,11
7825,123
7826,0
7827,45
7828,215
7829,0
7830,0
7831,2
7832,2
7833,0
7834,3
7835,0
7836,23
7837,0
7838,172
7839,9
7840,0
7841,0
7842,22
7843,89
7844,47
7845,1
7846,187
7847,0
7848,215
7849,0
7850,0
7851,0
7852,0
7853,83
7854,29
7855,5
7856,0
7857,0
7858,13
7859,0
7860,6
7861,1
7862,5
7863,0
7864,2
7865,0
7866,0
7867,0
7868,0
7869,0
7870,26
7871,202
7872,2
7873,9
7874,0
7875,3
7876,6
7877,14
7878,57
7879,0
7880,38
7881,67
7882,585
7883,0
7884,18
7885,46
7886,0
7887,0
7888,8996
7889,439
7890,270
7891,869
7892,244
7893,800
7894,328
7895,91
7896,1222
7897,104
7898,10
7899,259
7900,391
7901,110
7902,268
7903,272
7904,27
7905,127
7906,710
7907,553
7908,175
7909,213
7910,196
7911,20
7912,8
7913,375
7914,60
7915,210
7916,60
7917,64
7918,81
7919,742
7920,39
7921,29
7922,144
7923,82
7924,34
7925,20
7926,20
7927,235
7928,12
7929,53
7930,3
7931,40
7932,19
7933,18
7934,65
7935,103
7936,46
7937,10
7938,23
7939,63
7940,408
7941,2
7942,3
7943,72
7944,21
7945,0
7946,22
7947,2091
7948,4
7949,9
7950,67
7951,10
7952,0
7953,1
7954,27
7955,0
7956,7
7957,195
7958,0
7959,0
7960,65
7961,17
7962,0
7963,14
7964,1
7965,6
7966,0
7967,0
7968,0
7969,5
7970,0
7971,26
7972,12
7973,0
7974,5
7975,1
7976,0
7977,85
7978,264
7979,143
7980,443
7981,1028
7982,1833
7983,105
7984,0
7985,2
7986,10
7987,2
7988,236
7989,318
7990,19
7991,12
7992,1044
7993,219
7994,164
7995,6777
7996,35
7997,12
7998,1
7999,347
8000,65
8001,0
8002,374
8003,19
8004,0
8005,0
8006,24
8007,0
8008,0
8009,9102
8010,35
8011,27
8012,319
8013,270
8014,3194
8015,460
8016,1008
8017,147
8018,116
8019,165
8020,39
8021,320
8022,9
8023,9
8024,0
8025,0
8026,35
8027,11
8028,0
8029,0
8030,119
8031,0
8032,288
8033,0
8034,0
8035,0
8036,506
8037,18
8038,0
8039,0
8040,0
8041,1
8042,0
8043,0
8044,24
8045,0
8046,1
8047,0
8048,6
8049,373
8050,113
8051,0
8052,0
8053,800
8054,36
8055,1
8056,8
8057,154
8058,0
8059,38
8060,237
8061,0
8062,0
8063,1
8064,3
8065,0
8066,0
8067,0
8068,23
8069,0
8070,170
8071,7
8072,0
8073,0
8074,14
8075,75
8076,48
8077,1
8078,173
8079,0
8080,197
8081,0
8082,0
8083,0
8084,0
8085,91
8086,30
8087,7
8088,0
8089,0
8090,14
8091,0
8092,2
8093,0
8094,7
8095,0
8096,3
8097,0
8098,0
8099,0
8100,0
8101,0
8102,23
8103,172
8104,1
8105,10
8106,0
8107,2
8108,6
8109,8
8110,59
8111,0
8112,39
8113,67
8114,598
8115,0
8116,4
8117,41
8118,0
8119,0
8120,8872
8121,476
8122,267
8123,690
8124,221
8125,748
8126,241
8127,76
8128,1212
8129,94
8130,3
8131,252
8132,361
8133,63
8134,201
8135,269
8136,28
8137,115
8138,677
8139,521
8140,159
8141,254
8142,169
8143,14
8144,8
8145,356
8146,46
8147,177
8148,51
8149,66
8150,88
8151,747
8152,42
8153,30
8154,110
8155,80
8156,30
8157,10
8158,11
8159,208
8160,11
8161,58
8162,2
8163,48
8164,3
8165,15
8166,67
8167,83
8168,41
8169,9
8170,16
8171,58
8172,398
8173,1
8174,1
8175,76
8176,18
8177,0
8178,22
8179,2010
8180,2
8181,12
8182,64
8183,2
8184,0
8185,2
8186,24
8187,0
8188,7
8189,199
8190,0
8191,0
8192,61
8193,20
8194,0
8195,14
8196,1
8197,5
8198,0
8199,0
8200,0
8201,5
8202,0
8203,28
8204,13
8205,0
8206,2
8207,2
8208,0
8209,87
8210,255
8211,156
8212,461
8213,1041
8214,1803
8215,109
8216,0
8217,2
8218,7
8219,1
8220,221
8221,325
8222,14
8223,9
8224,1019
8225,224
8226,132
8227,6613
8228,32
8229,6
8230,0
8231,343
8232,64
8233,0
8234,411
8235,15
8236,0
8237,0
8238,24
8239,0
8240,0
8241,8962
8242,42
8243,25
8244,287
8245,270
8246,3023
8247,450
8248,971
8249,140
8250,109
8251,153
8252,40
8253,310
8254,11
8255,5
8256,0
8257,0
8258,24
8259,11
8260,0
8261,0
8262,103
8263,0
8264,318
8265,0
8266,0
8267,0
8268,470
8269,20
8270,0
8271,0
8272,0
8273,2
8274,0
8275,0
8276,21
8277,0
8278,1
8279,0
8280,8
8281,358
8282,117
8283,0
8284,0
8285,675
8286,39
8287,0
8288,10
8289,116
8290,0
8291,40
8292,207
8293,0
8294,0
8295,0
8296,4
8297,0
8298,0
8299,0
8300,9
8301,0
8302,152
8303,10
8304,0
8305,0
8306,17
8307,77
8308,51
8309,1
8310,138
8311,0
8312,153
8313,0
8314,0
8315,0
8316,0
8317,65
8318,21
8319,7
8320,0
8321,0
8322,17
8323,0
8324,1
8325,0
8326,2
8327,0
8328,1
8329,0
8330,0
8331,0
8332,0
8333,0
8334,21
8335,165
8336,1
8337,12
8338,0
8339,1
8340,6
8341,15
8342,39
8343,0
8344,30
8345,51
8346,498
8347,0
8348,1
8349,26
8350,0
8351,0
8352,8464
8353,431
8354,276
8355,609
8356,207
8357,641
8358,209
8359,67
8360,1110
8361,90
8362,4
8363,221
8364,337
8365,65
8366,217
8367,238
8368,45
8369,112
8370,723
8371,495
8372,165
8373,252
8374,148
8375,19
8376,9
8377,366
8378,38
8379,145
8380,41
8381,70
8382,87
8383,712
8384,55
8385,20
8386,70
8387,85
8388,30
8389,17
8390,12
8391,173
8392,8
8393,54
8394,0
8395,32
8396,16
8397,13
8398,48
8399,80
8400,35
8401,9
8402,15
8403,52
8404,382
8405,2
8406,2
8407,73
8408,18
8409,0
8410,17
8411,1961
8412,1
8413,6
8414,67
8415,12
8416,0
8417,1
8418,25
8419,0
8420,7
8421,178
8422,0
8423,0
8424,54
8425,13
8426,0
8427,13
8428,1
8429,5
8430,0
8431,0
8432,0
8433,5
8434,0
8435,20
8436,10
8437,0
8438,1
8439,2
8440,0
8441,75
8442,231
8443,140
8444,464
8445,1003
8446,1588
8447,117
8448,0
8449,2
8450,6
8451,2
8452,207
8453,348
8454,12
8455,15
8456,993
8457,220
8458,135
8459,6377
8460,27
8461,4
8462,0
8463,286
8464,67
8465,0
8466,346
8467,15
8468,0
8469,0
8470,32
8471,0
8472,0
8473,8641
8474,35
8475,15
8476,244
8477,246
8478,2939
8479,409
8480,933
8481,124
8482,92
8483,127
8484,32
8485,283
8486,10
8487,6
8488,0
8489,0
8490,24
8491,13
8492,0
8493,0
8494,68
8495,0
8496,303
8497,0
8498,0
8499,0
8500,403
8501,15
8502,0
8503,0
8504,0
8505,1
8506,0
8507,0
8508,17
8509,0
8510,0
8511,0
8512,7
8513,407
8514,103
8515,0
8516,0
8517,658
8518,39
8519,0
8520,9
8521,81
8522,0
8523,33
8524,182
8525,1
8526,0
8527,0
8528,2
8529,0
8530,0
8531,0
8532,6
8533,0
8534,148
8535,7
8536,0
8537,0
8538,13
8539,53
8540,35
8541,1
8542,117
8543,0
8544,147
8545,0
8546,0
8547,0
8548,0
8549,68
8550,20
8551,5
8552,0
8553,0
8554,12
8555,0
8556,0
8557,0
8558,1
8559,0
8560,1
8561,0
8562,0
8563,0
8564,0
8565,0
8566,21
8567,117
8568,1
8569,9
8570,0
8571,3
8572,5
8573,4
8574,45
8575,0
8576,39
8577,51
8578,435
8579,0
8580,0
8581,22
8582,0
8583,0
8584,7994
8585,405
8586,254
8587,473
8588,202
8589,577
8590,159
8591,56
8592,1162
8593,86
8594,3
8595,193
8596,313
8597,35
8598,177
8599,238
8600,46
8601,115
8602,667
8603,480
8604,155
8605,263
8606,136
8607,15
8608,7
8609,371
8610,34
8611,95
8612,42
8613,71
8614,85
8615,674
8616,51
8617,18
8618,55
8619,76
8620,26
8621,12
8622,7
8623,110
8624,7
8625,54
8626,2
8627,29
8628,4
8629,12
8630,43
8631,75
8632,34
8633,11
8634,13
8635,44
8636,372
8637,1
8638,2
8639,66
8640,16
8641,0
8642,11
8643,1949
8644,3
8645,7
8646,58
8647,3
8648,0
8649,1
8650,28
8651,0
8652,8
8653,172
8654,1
8655,0
8656,52
8657,13
8658,0
8659,14
8660,1
8661,5
8662,1
8663,0
8664,0
8665,4
8666,0
8667,24
8668,11
8669,0
8670,2
8671,0
8672,0
8673,74
8674,208
8675,141
8676,429
8677,1016
8678,1471
8679,108
8680,0
8681,2
8682,6
8683,2
8684,229
8685,335
8686,10
8687,17
8688,933
8689,213
8690,122
8691,5954
8692,15
8693,6
8694,1
8695,219
8696,65
8697,0
8698,336
8699,12
8700,0
8701,0
8702,26
8703,0
8704,0
8705,8229
8706,31
8707,18
8708,257
8709,233
8710,2710
8711,377
8712,873
8713,80
8714,82
8715,108
8716,40
8717,256
8718,10
8719,6
8720,0
8721,0
8722,27
8723,12
8724,0
8725,0
8726,75
8727,0
8728,262
8729,0
8730,0
8731,0
8732,368
8733,12
8734,0
8735,0
8736,0
8737,1
8738,0
8739,0
8740,13
8741,0
8742,0
8743,0
8744,6
8745,384
8746,102
8747,0
8748,0
8749,562
8750,36
8751,0
8752,11
8753,87
8754,0
8755,35
8756,160
8757,0
8758,0
8759,0
8760,2
8761,0
8762,0
8763,0
8764,4
8765,0
8766,125
8767,10
8768,0
8769,0
8770,15
8771,46
8772,28
8773,1
8774,102
8775,0
8776,114
8777,0
8778,0
8779,0
8780,0
8781,58
8782,24
8783,5
8784,0
8785,0
8786,10
8787,0
8788,0
8789,0
8790,2
8791,0
8792,1
8793,0
8794,0
8795,0
8796,0
8797,0
8798,23
8799,109
8800,0
8801,10
8802,0
8803,1
8804,6
8805,7
8806,43
8807,0
8808,41
8809,48
8810,390
8811,0
8812,0
8813,22
8814,0
8815,0
8816,7449
8817,388
8818,227
8819,429
8820,188
8821,533
8822,115
8823,62
8824,1134
8825,79
8826,4
8827,201
8828,309
8829,39
8830,164
8831,215
8832,36
8833,115
8834,585
8835,456
8836,154
8837,273
8838,129
8839,14
8840,7
8841,328
8842,30
8843,91
8844,55
8845,73
8846,73
8847,583
8848,42
8849,12
8850,48
8851,72
8852,26
8853,14
8854,9
8855,98
8856,9
8857,58
8858,0
8859,24
8860,16
8861,12
8862,35
8863,75
8864,36
8865,10
8866,15
8867,30
8868,331
8869,1
8870,3
8871,66
8872,17
8873,0
8874,24
8875,1810
8876,6
8877,7
8878,62
8879,13
8880,0
8881,1
8882,29
8883,0
8884,7
8885,168
8886,0
8887,0
8888,52
8889,15
8890,0
8891,16
8892,1
8893,5
8894,0
8895,0
8896,0
8897,5
8898,0
8899,25
8900,10
8901,0
8902,3
8903,0
8904,0
8905,73
8906,202
8907,136
8908,420
8909,992
8910,1357
8911,101
8912,0
8913,2
8914,6
8915,2
8916,214
8917,333
8918,10
8919,13
8920,862
8921,159
8922,104
8923,5475
8924,21
8925,4
8926,0
8927,184
8928,55
8929,0
8930,314
8931,12
8932,0
8933,0
8934,23
8935,0
8936,0
8937,7792
8938,29
8939,23
8940,217
8941,224
8942,2427
8943,282
8944,823
8945,75
8946,79
8947,89
8948,33
8949,225
8950,8
8951,3
8952,0
8953,0
8954,20
8955,12
8956,0
8957,0
8958,71
8959,0
8960,246
8961,0
8962,0
8963,0
8964,338
8965,9
8966,0
8967,0
8968,0
8969,2
8970,0
8971,0
8972,9
8973,0
8974,0
8975,0
8976,8
8977,337
8978,89
8979,0
8980,0
8981,452
8982,35
8983,0
8984,10
8985,85
8986,0
8987,32
8988,165
8989,0
8990,0
8991,0
8992,1
8993,0
8994,0
8995,0
8996,3
8997,0
8998,127
8999,7
9000,0
9001,0
9002,11
9003,42
9004,26
9005,1
9006,119
9007,0
9008,98
9009,0
9010,0
9011,0
9012,0
9013,55
9014,20
9015,4
9016,0
9017,0
9018,4
9019,0
9020,1
9021,0
9022,4
9023,0
9024,1
9025,0
9026,0
9027,0
9028,0
9029,0
9030,19
9031,117
9032,0
9033,10
9034,0
9035,1
9036,6
9037,7
9038,40
9039,0
9040,34
9041,43
9042,310
9043,0
9044,0
9045,23
9046,0
9047,0
9048,6936
9049,342
9050,225
9051,358
9052,179
9053,465
9054,81
9055,51
9056,1048
9057,56
9058,4
9059,181
9060,289
9061,30
9062,148
9063,194
9064,31
9065,114
9066,552
9067,439
9068,153
9069,231
9070,104
9071,8
9072,4
9073,335
9074,24
9075,49
9076,46
9077,69
9078,60
9079,558
9080,28
9081,15
9082,32
9083,74
9084,22
9085,7
9086,13
9087,79
9088,8
9089,56
9090,2
9091,15
9092,2
9093,14
9094,38
9095,74
9096,34
9097,11
9098,12
9099,33
9100,317
9101,1
9102,3
9103,56
9104,18
9105,0
9106,18
9107,1629
9108,2
9109,7
9110,60
9111,2
9112,0
9113,2
9114,25
9115,0
9116,7
9117,143
9118,0
9119,0
9120,50
9121,11
9122,0
9123,11
9124,1
9125,5
9126,0
9127,0
9128,0
9129,4
9130,0
9131,24
9132,10
9133,0
9134,1
9135,0
9136,1
9137,70
9138,171
9139,115
9140,410
9141,933
9142,1248
9143,105
9144,0
9145,2
9146,7
9147,3
9148,181
9149,316
9150,10
9151,10
9152,764
9153,140
9154,90
9155,5067
9156,16
9157,4
9158,0
9159,152
9160,55
9161,0
9162,266
9163,12
9164,0
9165,0
9166,24
9167,0
9168,0
9169,7293
9170,28
9171,13
9172,203
9173,215
9174,2361
9175,287
9176,820
9177,77
9178,69
9179,88
9180,23
9181,229
9182,8
9183,2
9184,0
9185,0
9186,13
9187,12
9188,0
9189,0
9190,72
9191,0
9192,203
9193,0
9194,0
9195,0
9196,325
9197,10
9198,0
9199,0
9200,0
9201,1
9202,0
9203,0
9204,6
9205,0
9206,1
9207,0
9208,10
9209,328
9210,75
9211,0
9212,0
9213,459
9214,35
9215,0
9216,9
9217,63
9218,0
9219,28
9220,161
9221,0
9222,0
9223,0
9224,2
9225,0
9226,0
9227,0
9228,4
9229,0
9230,135
9231,10
9232,0
9233,0
9234,13
9235,34
9236,25
9237,1
9238,102
9239,0
9240,74
9241,0
9242,0
9243,0
9244,0
9245,52
9246,16
9247,5
9248,0
9249,0
9250,7
9251,0
9252,1
9253,0
9254,3
9255,0
9256,1
9257,0
9258,0
9259,0
9260,0
9261,0
9262,16
9263,98
9264,0
9265,10
9266,0
9267,2
9268,6
9269,3
9270,42
9271,0
9272,25
9273,45
9274,278
9275,0
9276,0
9277,20
9278,0
9279,0
9280,6522
9281,339
9282,223
9283,285
9284,182
9285,445
9286,67
9287,56
9288,1090
9289,57
9290,4
9291,212
9292,283
9293,15
9294,128
9295,185
9296,29
9297,104
9298,548
9299,423
9300,159
9301,221
9302,84
9303,11
9304,5
9305,359
9306,18
9307,35
9308,39
9309,53
9310,50
9311,568
9312,37
9313,13
9314,78
9315,56
9316,21
9317,10
9318,9
9319,64
9320,9
9321,49
9322,1
9323,10
9324,1
9325,14
9326,33
9327,71
9328,33
9329,12
9330,12
9331,33
9332,321
9333,1
9334,4
9335,59
9336,17
9337,0
9338,23
9339,1549
9340,3
9341,8
9342,59
9343,0
9344,0
9345,2
9346,24
9347,0
9348,7
9349,115
9350,0
9351,0
9352,48
9353,9
9354,0
9355,11
9356,1
9357,5
9358,1
9359,0
9360,0
9361,4
9362,0
9363,14
9364,10
9365,1
9366,1
9367,0
9368,0
9369,69
9370,178
9371,121
9372,382
9373,923
9374,1194
9375,99
9376,0
9377,1
9378,4
9379,2
9380,173
9381,282
9382,12
9383,6
9384,764
9385,133
9386,85
9387,4680
9388,19
9389,5
9390,0
9391,146
9392,45
9393,0
9394,261
9395,9
9396,0
9397,0
9398,28
9399,0
9400,0
9401,6942
9402,28
9403,15
9404,198
9405,211
9406,2302
9407,272
9408,793
9409,79
9410,77
9411,68
9412,25
9413,225
9414,9
9415,2
9416,0
9417,0
9418,12
9419,11
9420,0
9421,0
9422,66
9423,0
9424,215
9425,0
9426,0
9427,0
9428,280
9429,7
9430,0
9431,0
9432,0
9433,1
9434,0
9435,0
9436,5
9437,0
9438,1
9439,0
9440,8
9441,313
9442,84
9443,0
9444,0
9445,424
9446,34
9447,0
9448,8
9449,65
9450,0
9451,27
9452,133
9453,1
9454,0
9455,0
9456,2
9457,0
9458,0
9459,0
9460,5
9461,0
9462,132
9463,2
9464,0
9465,0
9466,9
9467,35
9468,22
9469,1
9470,93
9471,0
9472,79
9473,0
9474,0
9475,0
9476,0
9477,55
9478,11
9479,4
9480,0
9481,0
9482,5
9483,0
9484,1
9485,0
9486,5
9487,0
9488,1
9489,0
9490,0
9491,0
9492,0
9493,0
9494,18
9495,100
9496,0
9497,9
9498,0
9499,2
9500,4
9501,5
9502,42
9503,0
9504,26
9505,43
9506,364
9507,0
9508,0
9509,19
9510,0
9511,0
9512,5916
9513,304
9514,179
9515,266
9516,179
9517,406
9518,55
9519,54
9520,978
9521,40
9522,6
9523,116
9524,273
9525,19
9526,96
9527,182
9528,16
9529,93
9530,441
9531,391
9532,145
9533,188
9534,74
9535,7
9536,2
9537,292
9538,16
9539,29
9540,47
9541,47
9542,44
9543,503
9544,22
9545,14
9546,26
9547,19
9548,22
9549,3
9550,12
9551,56
9552,9
9553,49
9554,1
9555,4
9556,7
9557,14
9558,33
9559,68
9560,31
9561,11
9562,9
9563,29
9564,302
9565,1
9566,3
9567,61
9568,16
9569,0
9570,22
9571,1364
9572,1
9573,7
9574,57
9575,1
9576,0
9577,2
9578,22
9579,0
9580,6
9581,111
9582,0
9583,0
9584,50
9585,6
9586,0
9587,10
9588,1
9589,5
9590,0
9591,0
9592,0
9593,4
9594,0
9595,18
9596,9
9597,0
9598,0
9599,2
9600,0
9601,61
9602,164
9603,112
9604,324
9605,806
9606,1129
9607,100
9608,0
9609,1
9610,4
9611,2
9612,164
9613,248
9614,10
9615,7
9616,693
9617,149
9618,90
9619,4151
9620,15
9621,3
9622,0
9623,140
9624,42
9625,0
9626,244
9627,10
9628,0
9629,0
9630,23
9631,0
9632,0
9633,6353
9634,26
9635,12
9636,197
9637,218
9638,2192
9639,294
9640,747
9641,79
9642,69
9643,52
9644,29
9645,188
9646,10
9647,4
9648,0
9649,0
9650,14
9651,7
9652,0
9653,0
9654,63
9655,0
9656,193
9657,0
9658,0
9659,0
9660,245
9661,7
9662,0
9663,0
9664,0
9665,0
9666,0
9667,0
9668,6
9669,0
9670,3
9671,0
9672,7
9673,224
9674,75
9675,0
9676,0
9677,379
9678,38
9679,0
9680,10
9681,53
9682,0
9683,27
9684,123
9685,0
9686,0
9687,0
9688,1
9689,0
9690,0
9691,0
9692,7
9693,0
9694,125
9695,6
9696,0
9697,0
9698,15
9699,33
9700,21
9701,1
9702,81
9703,0
9704,77
9705,0
9706,0
9707,0
9708,0
9709,52
9710,10
9711,4
9712,0
9713,0
9714,3
9715,0
9716,0
9717,0
9718,2
9719,0
9720,1
9721,0
9722,0
9723,0
9724,0
9725,0
9726,15
9727,91
9728,0
9729,6
9730,0
9731,2
9732,4
9733,4
9734,33
9735,0
9736,22
9737,31
9738,276
9739,0
9740,0
9741,17
9742,0
9743,0
9744,5308
9745,287
9746,104
9747,238
9748,170
9749,361
9750,41
9751,52
9752,926
9753,45
9754,3
9755,110
9756,252
9757,10
9758,52
9759,147
9760,6
9761,91
9762,356
9763,353
9764,133
9765,151
9766,70
9767,8
9768,6
9769,257
9770,10
9771,19
9772,27
9773,40
9774,39
9775,486
9776,18
9777,9
9778,25
9779,8
9780,18
9781,0
9782,14
9783,39
9784,7
9785,47
9786,3
9787,3
9788,0
9789,13
9790,35
9791,66
9792,27
9793,11
9794,8
9795,19
9796,264
9797,1
9798,3
9799,56
9800,16
9801,0
9802,14
9803,1304
9804,3
9805,11
9806,56
9807,0
9808,0
9809,3
9810,27
9811,0
9812,6
9813,111
9814,0
9815,0
9816,46
9817,5
9818,0
9819,13
9820,1
9821,4
9822,0
9823,0
9824,0
9825,3
9826,0
9827,21
9828,12
9829,0
9830,0
9831,0
9832,0
9833,62
9834,160
9835,106
9836,332
9837,798
9838,1027
9839,94
9840,0
9841,0
9842,4
9843,2
9844,138
9845,245
9846,12
9847,8
9848,674
9849,138
9850,91
9851,3757
9852,15
9853,3
9854,0
9855,112
9856,37
9857,0
9858,214
9859,9
9860,0
9861,0
9862,26
9863,0
9864,0
9865,5772
9866,24
9867,10
9868,177
9869,199
9870,2069
9871,238
9872,716
9873,79
9874,47
9875,68
9876,16
9877,180
9878,9
9879,3
9880,0
9881,0
9882,9
9883,8
9884,0
9885,0
9886,54
9887,0
9888,170
9889,0
9890,0
9891,0
9892,226
9893,8
9894,0
9895,0
9896,0
9897,0
9898,0
9899,0
9900,4
9901,0
9902,2
9903,0
9904,6
9905,182
9906,69
9907,0
9908,0
9909,357
9910,35
9911,0
9912,8
9913,52
9914,0
9915,22
9916,132
9917,0
9918,0
9919,0
9920,1
9921,0
9922,0
9923,0
9924,6
9925,0
9926,115
9927,4
9928,0
9929,0
9930,10
9931,26
9932,17
9933,1
9934,57
9935,0
9936,61
9937,0
9938,0
9939,0
9940,0
9941,36
9942,10
9943,5
9944,0
9945,0
9946,4
9947,0
9948,1
9949,0
9950,3
9951,0
9952,1
9953,0
9954,0
9955,0
9956,0
9957,0
9958,12
9959,69
9960,0
9961,7
9962,0
9963,2
9964,5
9965,3
9966,21
9967,0
9968,16
9969,31
9970,238
9971,0
9972,0
9973,15
9974,0
9975,0
9976,4733
9977,252
9978,33
9979,207
9980,169
9981,349
9982,41
9983,52
9984,804
9985,36
9986,3
9987,87
9988,231
9989,13
9990,25
9991,145
9992,10
9993,98
9994,281
9995,322
9996,124
9997,101
9998,62
9999,8
10000,6
10001,217
10002,10
10003,21
10004,16
10005,38
10006,29
10007,449
10008,16
10009,7
10010,11
10011,6
10012,17
10013,1
10014,8
10015,37
10016,5
10017,46
10018,1
10019,3
10020,1
10021,10
10022,28
10023,64
10024,30
10025,10
10026,9
10027,22
10028,242
10029,1
10030,3
10031,58
10032,14
10033,0
10034,9
10035,1129
10036,3
10037,7
10038,53
10039,1
10040,0
10041,2
10042,23
10043,0
10044,6
10045,105
10046,0
10047,0
10048,41
10049,2
10050,0
10051,10
10052,2
10053,4
10054,0
10055,0
10056,0
10057,3
10058,0
10059,9
10060,11
10061,0
10062,1
10063,0
10064,0
10065,57
10066,144
10067,96
10068,306
10069,773
10070,952
10071,81
10072,0
10073,0
10074,4
10075,1
10076,118
10077,216
10078,12
10079,7
10080,603
10081,123
10082,74
10083,3349
10084,15
10085,2
10086,0
10087,87
10088,33
10089,0
10090,181
10091,8
10092,0
10093,0
10094,24
10095,0
10096,0
10097,5205
10098,24
10099,10
10100,157
10101,190
10102,1942
10103,238
10104,672
10105,66
10106,50
10107,45
10108,12
10109,157
10110,9
10111,2
10112,0
10113,0
10114,10
10115,7
10116,0
10117,0
10118,55
10119,0
10120,144
10121,0
10122,0
10123,0
10124,198
10125,6
10126,0
10127,0
10128,0
10129,0
10130,0
10131,0
10132,5
10133,0
10134,2
10135,0
10136,5
10137,127
10138,59
10139,0
10140,0
10141,298
10142,39
10143,0
10144,6
10145,46
10146,0
10147,24
10148,109
10149,0
10150,0
10151,0
10152,1
10153,0
10154,0
10155,0
10156,7
10157,0
10158,103
10159,3
10160,0
10161,0
10162,12
10163,28
10164,17
10165,0
10166,40
10167,0
10168,40
10169,0
10170,0
10171,0
10172,0
10173,38
10174,10
10175,7
10176,0
10177,1
10178,5
10179,0
10180,0
10181,0
10182,2
10183,0
10184,0
10185,0
10186,0
10187,0
10188,0
10189,0
10190,11
10191,79
10192,0
10193,5
10194,0
10195,1
10196,4
10197,3
10198,13
10199,0
10200,10
10201,25
10202,218
10203,0
10204,1
10205,17
10206,0
10207,0
10208,4102
10209,229
10210,15
10211,189
10212,145
10213,309
10214,31
10215,49
10216,747
10217,34
10218,2
10219,75
10220,206
10221,7
10222,25
10223,121
10224,4
10225,96
10226,186
10227,286
10228,111
10229,72
10230,54
10231,6
10232,2
10233,200
10234,15
10235,9
10236,2
10237,31
10238,27
10239,381
10240,13
10241,7
10242,6
10243,5
10244,17
10245,1
10246,7
10247,21
10248,5
10249,41
10250,0
10251,4
10252,0
10253,10
10254,28
10255,51
10256,27
10257,9
10258,8
10259,19
10260,232
10261,1
10262,3
10263,57
10264,12
10265,0
10266,0
10267,922
10268,3
10269,7
10270,53
10271,0
10272,0
10273,2
10274,23
10275,0
10276,5
10277,103
10278,0
10279,0
10280,37
10281,7
10282,0
10283,10
10284,1
10285,3
10286,0
10287,0
10288,0
10289,4
10290,0
10291,14
10292,10
10293,0
10294,1
10295,0
10296,0
10297,51
10298,143
10299,86
10300,284
10301,725
10302,829
10303,83
10304,0
10305,0
10306,3
10307,1
10308,108
10309,188
10310,10
10311,2
10312,563
10313,94
10314,72
10315,2805
10316,23
10317,4
10318,1
10319,84
10320,31
10321,0
10322,170
10323,7
10324,0
10325,0
10326,25
10327,0
10328,0
10329,4621
10330,21
10331,9
10332,138
10333,166
10334,1707
10335,215
10336,610
10337,67
10338,47
10339,40
10340,11
10341,139
10342,8
10343,1
10344,0
10345,0
10346,7
10347,6
10348,0
10349,0
10350,48
10351,0
10352,124
10353,0
10354,0
10355,0
10356,183
10357,7
10358,0
10359,0
10360,0
10361,0
10362,0
10363,0
10364,4
10365,0
10366,1
10367,0
10368,6
10369,87
10370,54
10371,0
10372,0
10373,257
10374,32
10375,0
10376,7
10377,34
10378,0
10379,26
10380,100
10381,0
10382,0
10383,0
10384,1
10385,0
10386,0
10387,0
10388,6
10389,0
10390,97
10391,0
10392,0
10393,0
10394,9
10395,30
10396,18
10397,0
10398,33
10399,0
10400,47
10401,0
10402,0
10403,0
10404,0
10405,35
10406,8
10407,4
10408,0
10409,0
10410,6
10411,0
10412,0
10413,0
10414,5
10415,0
10416,0
10417,0
10418,0
10419,0
10420,0
10421,0
10422,10
10423,65
10424,0
10425,6
10426,0
10427,1
10428,4
10429,0
10430,4
10431,0
10432,7
10433,24
10434,190
10435,0
10436,0
10437,13
10438,0
10439,0
10440,3412
10441,192
10442,3
10443,171
10444,123
10445,300
10446,31
10447,46
10448,602
10449,20
10450,2
10451,64
10452,179
10453,4
10454,22
10455,125
10456,3
10457,86
10458,122
10459,246
10460,105
10461,63
10462,45
10463,6
10464,1
10465,155
10466,11
10467,15
10468,4
10469,28
10470,22
10471,333
10472,8
10473,6
10474,8
10475,5
10476,18
10477,0
10478,8
10479,25
10480,6
10481,35
10482,0
10483,2
10484,0
10485,10
10486,22
10487,48
10488,25
10489,9
10490,5
10491,18
10492,212
10493,1
10494,3
10495,47
10496,11
10497,0
10498,0
10499,785
10500,4
10501,4
10502,47
10503,0
10504,0
10505,2
10506,21
10507,0
10508,4
10509,90
10510,1
10511,0
10512,32
10513,4
10514,0
10515,6
10516,2
10517,3
10518,0
10519,0
10520,0
10521,3
10522,0
10523,10
10524,11
10525,0
10526,1
10527,0
10528,0
10529,47
10530,119
10531,69
10532,254
10533,656
10534,688
10535,75
10536,0
10537,0
10538,2
10539,1
10540,94
10541,136
10542,11
10543,6
10544,486
10545,80
10546,66
10547,2324
10548,23
10549,3
10550,0
10551,82
10552,29
10553,0
10554,133
10555,6
10556,0
10557,0
10558,18
10559,0
10560,0
10561,3911
10562,17
10563,8
10564,110
10565,161
10566,1570
10567,220
10568,570
10569,54
10570,43
10571,32
10572,4
10573,109
10574,9
10575,1
10576,0
10577,0
10578,1
10579,6
10580,0
10581,0
10582,43
10583,0
10584,109
10585,0
10586,0
10587,0
10588,146
10589,7
10590,0
10591,0
10592,0
10593,0
10594,0
10595,0
10596,2
10597,0
10598,3
10599,0
10600,3
10601,56
10602,45
10603,0
10604,0
10605,276
10606,30
10607,0
10608,7
10609,32
10610,0
10611,24
10612,88
10613,0
10614,0
10615,0
10616,3
10617,0
10618,0
10619,0
10620,4
10621,0
10622,93
10623,7
10624,0
10625,0
10626,9
10627,22
10628,11
10629,0
10630,30
10631,0
10632,38
10633,0
10634,0
10635,0
10636,0
10637,28
10638,10
10639,5
10640,0
10641,1
10642,3
10643,0
10644,0
10645,0
10646,4
10647,0
10648,0
10649,0
10650,0
10651,0
10652,0
10653,0
10654,9
10655,59
10656,0
10657,5
10658,0
10659,2
10660,5
10661,1
10662,2
10663,0
10664,4
10665,18
10666,169
10667,0
10668,0
10669,13
10670,0
10671,0
10672,2657
10673,167
10674,3
10675,149
10676,110
10677,246
10678,22
10679,38
10680,513
10681,18
10682,2
10683,57
10684,155
10685,5
10686,34
10687,100
10688,2
10689,76
10690,110
10691,211
10692,81
10693,56
10694,46
10695,5
10696,1
10697,108
10698,8
10699,11
10700,2
10701,24
10702,24
10703,265
10704,8
10705,5
10706,7
10707,5
10708,16
10709,0
10710,5
10711,18
10712,4
10713,31
10714,0
10715,2
10716,0
10717,9
10718,17
10719,40
10720,22
10721,7
10722,3
10723,16
10724,164
10725,1
10726,1
10727,50
10728,12
10729,0
10730,0
10731,606
10732,1
10733,4
10734,34
10735,0
10736,0
10737,2
10738,12
10739,0
10740,4
10741,72
10742,0
10743,0
10744,26
10745,2
10746,0
10747,5
10748,2
10749,3
10750,0
10751,0
10752,0
10753,3
10754,0
10755,10
10756,10
10757,0
10758,1
10759,0
10760,0
10761,47
10762,107
10763,62
10764,222
10765,547
10766,606
10767,56
10768,0
10769,0
10770,2
10771,1
10772,73
10773,133
10774,12
10775,2
10776,392
10777,75
10778,66
10779,1907
10780,18
10781,3
10782,0
10783,63
10784,23
10785,0
10786,125
10787,5
10788,0
10789,0
10790,19
10791,0
10792,0
10793,3086
10794,12
10795,14
10796,101
10797,146
10798,1274
10799,164
10800,506
10801,42
10802,40
10803,31
10804,10
10805,91
10806,5
10807,2
10808,0
10809,0
10810,1
10811,4
10812,0
10813,0
10814,40
10815,0
10816,90
10817,0
10818,0
10819,0
10820,118
10821,7
10822,0
10823,0
10824,0
10825,0
10826,0
10827,0
10828,2
10829,0
10830,1
10831,0
10832,3
10833,52
10834,42
10835,0
10836,0
10837,201
10838,22
10839,0
10840,5
10841,20
10842,0
10843,20
10844,63
10845,0
10846,0
10847,0
10848,1
10849,0
10850,0
10851,0
10852,3
10853,0
10854,83
10855,3
10856,0
10857,0
10858,6
10859,18
10860,7
10861,0
10862,26
10863,0
10864,40
10865,0
10866,0
10867,0
10868,0
10869,25
10870,9
10871,7
10872,0
10873,0
10874,7
10875,0
10876,0
10877,0
10878,3
10879,0
10880,0
10881,0
10882,0
10883,0
10884,0
10885,0
10886,7
10887,42
10888,0
10889,6
10890,0
10891,5
10892,6
10893,1
10894,3
10895,0
10896,2
10897,21
10898,156
10899,0
10900,0
10901,14
10902,0
10903,0
10904,1732
10905,130
10906,2
10907,116
10908,92
10909,190
10910,18
10911,31
10912,367
10913,7
10914,2
10915,46
10916,124
10917,7
10918,16
10919,73
10920,2
10921,60
10922,76
10923,162
10924,55
10925,44
10926,16
10927,3
10928,1
10929,90
10930,6
10931,15
10932,1
10933,19
10934,17
10935,215
10936,4
10937,3
10938,10
10939,5
10940,9
10941,0
10942,3
10943,21
10944,3
10945,25
10946,2
10947,2
10948,0
10949,8
10950,10
10951,30
10952,20
10953,5
10954,2
10955,12
10956,130
10957,1
10958,1
10959,34
10960,6
10961,0
10962,0
10963,432
10964,1
10965,1
10966,27
10967,0
10968,0
10969,0
10970,13
10971,0
10972,4
10973,57
10974,0
10975,0
10976,21
10977,2
10978,0
10979,4
10980,1
10981,2
10982,0
10983,0
10984,0
10985,3
10986,0
10987,3
10988,9
10989,0
10990,0
10991,0
10992,0
10993,31
10994,83
10995,47
10996,180
10997,420
10998,397
10999,39
11000,0
11001,0
11002,2
11003,1
11004,51
11005,103
11006,9
11007,3
11008,303
11009,61
11010,48
11011,1362
11012,11
11013,3
11014,0
11015,25
11016,26
11017,0
11018,85
11019,5
11020,0
11021,0
11022,14
11023,0
11024,0
11025,2062
11026,10
11027,4
11028,76
11029,116
11030,964
11031,128
11032,376
11033,29
11034,22
11035,21
11036,5
11037,73
11038,3
11039,1
11040,0
11041,0
11042,3
11043,1
11044,0
11045,0
11046,37
11047,0
11048,71
11049,0
11050,0
11051,0
11052,94
11053,6
11054,0
11055,0
11056,0
11057,0
11058,0
11059,0
11060,0
11061,0
11062,3
11063,0
11064,3
11065,37
11066,33
11067,0
11068,0
11069,150
11070,17
11071,0
11072,5
11073,11
11074,0
11075,16
11076,43
11077,0
11078,0
11079,0
11080,1
11081,0
11082,0
11083,0
11084,3
11085,0
11086,53
11087,4
11088,0
11089,0
11090,7
11091,20
11092,5
11093,0
11094,22
11095,0
11096,25
11097,0
11098,0
11099,0
11100,0
11101,19
11102,5
11103,5
11104,0
11105,0
11106,2
11107,1
11108,0
11109,0
11110,2
11111,0
11112,0
11113,0
11114,0
11115,0
11116,0
11117,0
11118,7
11119,41
11120,0
11121,5
11122,0
11123,2
11124,3
11125,0
11126,3
11127,0
11128,2
11129,18
11130,126
11131,0
11132,0
11133,9
11134,0
11135,0