,0,1,2,3,4,5,6,7,8,9,10,11,12,13,14,15,16,17,18,19,20,21,22,23,24,25,26,27,28,29,30,31,32,33,34,35,36,37,38,39,40,41,42,43,44,45,46,47,48,49,50,51,52,53,54,55,56,57,58,59,60,61,62,63,64,65,66,67,68,69,70,71,72,73,74,75,76,77,78,79,80,81,82,83,84,85,86,87,88,89,90,91,92,93,94,95
0,1071,1153,1236,1255,1275,1302,1330,1343,1357,1374,1391,1389,1388,1398,1408,1410,1413,1434,1456,1476,1496,1528,1560,1608,1657,1727,1798,1946,2095,2278,2461,2691,2921,3110,3300,3502,3704,3929,4154,4401,4649,4978,5308,5606,5904,6217,6530,6748,6967,7152,7337,7431,7526,7697,7869,7931,7993,8055,8117,8173,8229,8328,8428,8455,8482,8670,8859,8940,9022,8960,8898,8692,8487,8252,8018,7754,7490,7231,6972,6764,6557,6250,5944,5633,5322,5029,4737,4424,4112,3768,3425,3046,2667,2206,1745,1408
1,121,131,141,146,152,155,158,161,165,166,167,172,178,173,169,170,172,176,181,182,183,186,189,196,204,211,219,232,246,262,278,290,302,304,307,330,353,362,372,368,364,387,411,416,422,414,407,419,431,426,421,427,434,439,445,448,451,461,471,461,452,470,488,484,480,464,449,444,440,459,478,455,433,419,406,397,389,368,348,345,342,323,304,295,287,269,252,240,229,210,192,179,167,148,130,125
2,5,4,4,4,4,4,4,4,5,5,6,6,6,6,6,6,6,6,7,7,7,8,9,12,15,22,29,31,33,36,39,41,43,45,48,66,85,91,97,113,129,145,161,163,165,159,154,146,139,146,153,168,184,183,183,174,165,187,210,215,220,206,193,206,220,233,246,262,278,275,273,277,282,271,260,246,233,228,224,224,225,204,183,147,111,72,33,24,15,9,3,3,3,2,2,3
3,91,100,109,112,116,120,124,124,124,124,125,125,125,126,128,130,133,134,135,139,144,149,155,160,165,179,194,216,238,261,285,319,354,393,433,463,493,538,584,659,735,786,837,888,939,1012,1085,1116,1147,1162,1177,1192,1207,1224,1242,1244,1246,1235,1224,1228,1232,1213,1194,1144,1094,1034,975,924,874,784,695,654,613,545,477,454,432,397,363,326,290,279,269,254,240,223,207,198,189,180,172,161,150,133,116,103
4,75,79,84,90,97,99,101,106,112,112,113,113,114,113,113,113,114,117,120,121,122,126,131,142,153,156,159,168,177,189,201,208,216,228,241,255,269,270,272,296,320,324,329,334,339,340,341,347,354,350,346,350,354,344,334,334,334,341,348,352,357,345,333,321,309,297,285,265,245,233,222,215,209,207,205,198,191,186,181,182,184,182,180,175,171,170,170,157,145,134,123,116,110,101,92,83
5,146,163,181,185,189,190,191,200,209,212,215,213,212,219,227,230,233,236,239,242,245,252,260,272,285,297,309,332,355,410,466,504,543,570,598,656,715,746,778,794,811,844,877,898,919,936,954,982,1011,1003,996,1003,1011,1044,1077,1064,1051,1044,1037,1041,1046,1045,1045,999,954,926,899,855,811,785,760,705,650,618,586,562,539,503,468,460,452,432,413,389,365,359,353,334,315,308,301,274,247,219,191,168
6,1,1,2,2,2,1,1,1,1,1,1,1,1,1,1,1,1,1,1,1,2,2,2,2,3,3,3,4,5,11,17,21,26,26,27,28,29,29,30,42,55,53,52,48,45,44,44,51,58,55,53,48,44,50,56,49,43,42,41,40,40,43,46,39,32,29,26,20,14,10,6,9,13,12,12,12,13,9,6,7,9,6,3,1,0,1,2,1,0,0,0,0,0,0,0,0
7,24,27,30,32,34,32,30,29,29,30,32,33,34,33,32,31,31,32,33,33,34,35,36,35,35,37,39,41,43,43,44,54,64,66,69,79,89,95,102,114,127,127,128,140,153,152,152,152,153,166,179,168,157,161,166,180,195,195,195,183,172,176,181,171,162,148,135,113,92,84,77,72,68,62,56,59,62,57,52,54,56,55,54,53,52,52,52,50,49,47,46,42,38,34,31,27
8,234,237,241,251,262,247,233,224,216,205,195,189,183,179,176,174,172,170,169,164,159,161,163,166,169,169,170,175,180,192,204,212,220,236,252,263,274,307,340,373,407,436,466,501,536,570,605,625,646,683,721,751,782,792,802,795,788,803,819,800,781,797,813,817,821,815,810,861,913,898,883,852,822,842,862,851,840,814,788,801,815,765,716,705,694,650,606,583,560,512,464,434,404,358,312,273
9,3,4,5,4,4,3,3,4,5,4,4,5,6,6,7,6,6,5,5,6,7,7,7,7,8,8,9,8,8,12,16,17,19,22,25,26,27,28,30,29,28,36,45,45,45,50,55,60,66,68,71,61,52,70,88,84,80,81,82,79,76,68,61,65,70,70,71,59,48,50,53,51,50,51,52,49,46,36,26,28,31,26,21,24,27,24,22,20,19,16,14,13,12,8,4,3
10,1,1,1,1,2,2,3,3,3,3,3,3,3,3,3,3,3,3,3,3,4,4,5,5,5,5,6,7,8,8,9,10,12,12,12,12,12,11,10,11,12,16,20,20,20,19,19,21,23,24,26,27,28,26,24,25,26,25,24,24,24,21,19,20,22,19,16,13,10,6,3,3,4,3,3,3,4,4,4,4,4,5,6,4,3,3,3,2,2,2,2,2,2,2,2,1
11,29,33,38,41,45,45,45,46,47,49,52,52,53,52,52,53,54,54,54,56,58,60,63,61,60,65,70,76,83,93,104,115,126,124,122,130,139,146,154,156,159,183,208,215,223,226,230,247,264,273,283,279,276,274,272,271,270,270,270,275,280,303,326,329,332,316,300,281,263,260,258,241,225,210,195,199,203,192,182,197,213,164,116,113,110,98,87,81,75,69,64,60,57,51,46,37
12,106,123,140,147,155,161,168,174,181,187,193,196,199,202,205,204,204,205,207,207,208,213,218,220,222,230,239,247,255,260,266,281,297,300,303,326,349,357,366,364,362,370,378,403,429,438,448,457,467,469,471,484,498,496,494,495,497,496,496,499,503,487,472,462,452,434,417,404,391,375,359,346,334,323,312,309,306,295,285,281,278,273,269,259,249,239,230,217,205,191,177,165,153,138,123,114
13,1,0,0,0,0,0,0,0,0,0,0,0,0,0,0,0,0,0,0,0,0,0,0,0,0,1,3,2,2,4,6,8,11,11,11,11,11,17,24,23,22,22,22,20,19,24,30,28,27,31,35,30,25,30,35,36,38,34,31,30,29,29,30,23,16,19,23,18,13,9,5,10,15,11,7,12,17,11,5,2,0,1,3,1,0,0,1,0,0,0,0,0,0,0,0,0
14,11,12,13,10,7,9,11,10,10,10,11,9,8,10,13,11,9,10,11,10,10,12,15,19,24,25,26,34,43,60,77,105,134,154,175,193,212,233,255,280,306,318,330,349,369,376,383,394,405,414,423,408,393,413,434,452,470,458,447,457,467,448,429,411,393,370,348,310,272,237,203,210,217,197,177,169,161,155,149,140,131,114,98,76,54,40,27,27,27,25,23,29,35,25,16,13
15,69,75,81,86,92,94,96,98,101,102,103,102,102,102,103,105,107,109,111,111,112,113,115,119,124,131,139,151,164,182,201,224,247,259,271,295,319,339,360,347,334,353,373,375,378,376,375,371,367,361,355,370,385,377,369,380,392,382,373,378,383,368,353,329,305,296,287,279,272,271,270,254,239,239,240,228,216,205,194,190,186,184,183,165,148,146,145,133,122,124,126,113,101,87,74,71
16,2,2,2,2,3,3,4,3,2,2,2,2,3,3,3,3,3,4,5,4,3,4,5,4,4,4,4,5,7,7,8,9,11,13,15,18,22,21,20,24,29,30,32,35,38,40,42,39,37,35,34,30,27,34,42,40,39,41,44,42,40,40,40,32,25,24,23,25,27,27,28,36,45,45,46,41,37,35,33,31,29,22,16,11,7,8,10,7,4,3,3,2,2,2,2,2
17,51,58,66,68,71,74,77,78,79,80,81,81,82,83,85,84,84,84,84,84,84,84,85,89,94,94,95,99,103,106,109,111,114,118,122,122,123,126,130,133,137,142,147,146,145,149,153,158,163,156,149,149,150,157,164,166,169,165,162,171,181,171,162,154,146,147,149,138,127,121,115,113,112,113,115,115,115,114,114,109,104,98,93,92,91,94,98,97,96,91,86,81,76,68,60,55
18,58,62,67,66,66,69,73,75,78,78,79,79,79,78,77,76,75,79,83,84,85,87,90,98,107,111,116,127,138,150,163,185,208,223,239,250,261,294,328,353,378,405,433,448,463,497,532,544,557,548,540,569,599,612,625,652,680,697,714,712,710,692,674,694,714,715,716,688,660,641,623,643,664,635,606,572,539,518,497,500,503,458,413,377,341,311,281,231,182,151,121,114,107,91,75,66
19,148,163,178,190,203,207,212,219,226,229,232,236,240,246,253,253,254,255,256,262,268,277,286,295,304,313,323,334,346,360,375,396,417,420,423,441,459,475,492,502,513,526,539,550,561,582,604,609,615,615,615,616,617,622,628,633,638,647,656,632,608,604,601,586,571,570,569,562,555,539,523,510,498,490,482,471,460,451,442,434,426,410,394,374,354,338,323,305,287,267,247,229,212,187,162,155
20,71,78,85,88,92,96,100,103,107,108,110,111,112,113,115,117,119,118,118,121,124,123,123,124,125,127,129,136,144,147,150,155,161,158,156,159,163,166,170,175,180,182,185,185,185,196,208,204,201,203,206,207,209,207,206,201,197,193,189,194,200,192,184,190,196,191,186,180,175,167,159,161,164,159,155,154,154,153,153,156,160,152,145,139,133,128,124,117,111,108,105,93,81,68,55,63
21,35,37,39,39,40,45,51,48,46,47,48,48,49,50,52,51,51,50,49,49,50,51,52,57,63,68,74,84,95,108,121,141,161,155,150,159,168,164,161,177,194,191,189,195,201,196,191,191,191,200,210,199,189,177,166,178,190,183,176,179,183,182,181,187,193,190,187,201,216,236,257,256,255,260,266,271,276,253,231,227,223,206,190,171,153,127,102,87,72,67,63,59,56,50,45,40
22,26,28,30,29,28,29,30,30,31,31,31,30,30,31,32,33,35,35,35,35,36,38,41,42,44,45,47,52,57,68,80,87,94,101,109,119,129,136,143,153,163,179,196,203,210,228,247,247,247,256,266,267,269,259,250,255,260,250,241,241,242,226,211,214,218,204,191,196,201,186,171,160,149,143,137,133,130,117,105,95,85,80,75,73,71,67,63,59,55,50,46,46,47,32,17,21
23,4,4,5,5,5,5,5,5,5,5,5,5,5,5,5,5,5,5,5,5,6,6,6,7,8,8,8,8,9,10,11,15,19,23,27,38,49,52,56,61,66,69,72,76,80,81,82,86,91,90,90,95,100,97,94,94,95,96,97,86,76,71,67,59,51,43,36,28,20,17,14,16,19,17,16,15,14,11,8,9,11,9,7,7,8,8,8,7,6,6,6,5,5,4,3,3
24,1,1,1,0,0,0,0,0,0,0,1,1,1,0,0,0,0,0,0,0,1,0,0,0,0,0,1,2,3,2,1,3,5,7,10,9,9,13,18,16,14,16,18,16,15,23,31,28,25,26,27,28,30,25,21,25,29,28,27,24,22,22,23,21,20,22,25,16,8,8,8,8,9,8,7,7,7,5,4,4,5,3,2,4,6,6,6,4,2,1,1,1,1,1,1,1
25,32,36,41,42,43,45,48,50,53,50,48,47,46,46,47,48,50,49,48,49,50,54,59,61,64,63,63,63,63,65,68,75,83,92,101,108,115,116,118,123,128,147,167,175,183,181,179,199,219,213,208,214,220,220,220,220,220,218,216,219,222,217,212,224,236,218,200,199,199,194,189,191,194,195,196,178,161,170,179,188,197,175,153,144,136,131,127,123,119,105,91,76,62,57,52,42
26,13,11,9,8,8,8,9,9,9,10,11,10,9,10,11,10,10,11,12,11,11,12,13,13,13,15,17,17,17,17,17,20,24,30,37,39,42,45,49,54,60,63,67,74,81,82,84,85,86,88,91,95,100,107,114,113,112,110,109,102,95,95,95,85,75,75,76,68,60,53,46,42,38,36,34,32,30,27,24,21,18,17,16,13,10,10,10,12,15,13,11,9,8,7,6,9
27,4,5,6,4,3,4,5,5,5,4,3,2,2,2,2,2,3,2,2,2,3,2,2,2,3,5,8,11,14,12,11,13,16,22,28,27,26,31,37,45,54,67,81,79,78,71,64,73,82,96,111,105,99,90,82,85,89,86,83,76,69,75,81,82,83,85,87,81,75,68,61,47,33,28,23,23,23,25,28,22,17,15,14,12,11,11,11,9,7,8,10,8,7,8,9,6
28,0,0,1,1,1,1,1,0,0,0,1,0,0,0,1,0,0,0,0,0,0,0,0,0,1,0,0,0,0,1,3,4,6,7,8,11,14,20,26,24,22,22,22,22,23,24,26,30,35,40,46,42,39,45,51,51,51,52,54,57,60,57,55,51,47,57,68,65,62,57,53,47,41,42,43,49,55,51,47,43,39,43,47,37,27,22,17,9,2,3,4,3,2,1,1,0
29,14,16,18,20,22,22,23,23,24,24,25,25,25,25,25,25,26,26,26,27,28,28,28,28,28,30,32,31,30,30,31,32,33,35,37,40,43,44,46,48,51,55,60,59,59,63,68,69,71,71,72,71,71,73,76,74,73,71,69,72,75,72,69,71,73,69,66,65,65,66,67,69,71,72,73,74,75,73,72,63,54,51,48,44,40,39,38,34,31,29,28,26,24,21,19,16
30,15,15,15,16,18,19,21,21,21,21,22,22,23,22,22,24,26,25,25,26,27,27,28,28,29,29,29,34,39,37,36,38,41,39,37,45,53,52,51,56,61,57,53,64,75,80,85,92,100,100,100,100,101,100,100,101,103,99,95,94,94,84,75,75,76,77,79,80,82,85,89,88,88,87,86,80,74,67,61,55,50,47,44,41,39,34,29,28,27,24,22,23,24,20,17,16
31,159,164,169,179,190,189,189,192,196,193,191,192,194,199,204,207,210,210,210,214,219,226,234,239,245,266,287,306,326,330,335,364,394,416,439,450,461,478,495,506,518,531,544,544,544,549,554,564,574,576,578,583,589,590,591,588,585,607,629,606,584,608,632,655,679,690,701,721,742,743,745,730,715,694,673,630,588,573,558,564,570,537,504,495,487,469,451,417,383,358,334,300,267,241,216,187
32,0,0,0,0,0,0,0,0,0,0,0,0,0,0,0,0,0,0,0,0,0,0,0,0,0,0,0,0,0,0,0,0,0,0,1,1,1,3,5,6,7,9,12,10,9,8,8,6,5,9,14,14,15,12,10,11,13,15,18,15,13,10,8,9,11,11,12,11,10,8,6,7,8,6,4,5,6,5,5,6,7,6,5,4,3,2,2,3,4,3,3,2,2,2,3,1
33,0,1,2,3,4,3,3,3,4,4,4,3,3,3,3,3,3,3,4,4,4,4,5,6,7,6,6,7,8,9,10,11,12,13,14,15,16,17,18,21,24,24,25,24,24,22,21,20,19,20,22,20,18,19,21,21,21,22,24,22,21,23,25,23,21,18,16,19,23,22,22,16,11,11,12,10,9,10,12,9,7,7,8,7,6,4,3,3,4,3,3,3,3,2,1,0
34,0,2,4,3,2,1,1,1,1,0,0,0,0,0,0,1,2,1,1,0,0,0,1,2,3,4,6,9,12,16,21,23,25,34,44,50,56,61,67,69,71,72,74,84,95,109,123,121,119,123,127,133,139,144,150,150,151,157,163,176,189,180,172,157,143,137,131,121,112,92,73,58,43,40,38,35,33,26,19,37,55,36,17,16,16,12,8,5,3,4,5,5,5,5,6,3
35,4,4,5,5,5,5,5,5,5,5,6,6,6,6,6,6,6,6,6,6,6,6,6,6,7,7,8,7,7,9,11,15,19,20,21,30,39,45,51,55,60,61,62,60,59,65,72,64,57,57,58,66,75,74,74,78,83,85,87,86,86,77,69,65,62,58,55,67,79,74,69,63,58,62,67,62,58,54,50,42,35,25,15,11,8,7,6,5,5,5,5,5,5,5,5,4
36,8,8,9,9,10,10,10,10,10,11,12,12,12,14,16,15,15,14,14,15,17,16,16,17,18,17,17,18,19,23,27,30,34,37,40,38,37,39,41,41,41,43,46,50,54,56,59,61,63,64,66,67,69,71,73,63,54,50,46,45,44,41,39,38,38,38,39,36,34,32,30,30,30,28,26,26,26,24,22,21,21,21,22,20,18,17,17,17,17,17,18,17,16,12,9,8
37,0,0,0,0,0,0,0,0,0,0,0,0,0,0,0,0,0,0,0,0,0,0,0,0,0,1,2,2,3,6,9,6,3,4,6,7,9,13,17,20,24,22,20,16,13,16,20,22,25,22,20,22,24,29,34,32,31,28,25,26,28,28,28,23,19,19,20,19,18,12,6,8,11,7,3,4,5,4,3,2,2,2,3,1,0,0,0,0,1,0,0,0,0,0,0,0
38,5,5,6,6,7,6,5,5,5,6,7,7,7,7,8,7,6,6,6,6,7,8,9,8,7,8,10,9,9,10,12,14,16,14,12,12,12,14,17,20,24,17,11,13,15,13,12,11,11,14,18,19,21,18,16,16,16,19,22,19,17,18,19,20,21,18,15,17,20,15,11,11,12,9,7,8,9,11,13,11,9,10,12,13,14,11,8,7,7,7,8,6,5,4,3,4
39,6,5,5,5,5,6,8,7,7,7,7,7,7,7,8,8,8,7,6,7,8,8,9,12,15,16,18,22,26,25,24,29,35,39,43,41,39,47,56,59,63,69,75,85,95,95,95,102,110,111,112,112,113,108,104,101,98,95,93,96,99,102,105,96,87,90,94,86,78,79,81,75,70,63,57,49,41,42,43,41,40,37,35,32,29,28,28,24,20,19,19,16,13,13,14,10
40,0,0,0,0,0,0,0,0,0,0,0,0,0,0,0,0,0,0,0,0,0,0,0,0,0,0,0,0,0,0,0,0,0,0,0,0,0,0,0,0,0,0,0,0,0,0,0,0,0,0,0,0,0,0,0,0,0,0,0,0,0,0,0,0,0,0,0,0,0,0,0,0,0,0,0,0,0,0,0,0,0,0,0,0,0,0,0,0,0,0,0,0,0,0,0,0
41,31,33,35,37,40,40,40,40,41,42,43,42,42,43,44,43,43,43,44,44,44,44,45,45,46,44,43,45,47,46,46,48,51,51,51,53,56,59,63,62,61,63,65,67,70,66,63,64,66,64,63,68,73,70,67,70,73,68,64,68,72,70,69,67,65,62,59,56,53,55,58,56,54,54,54,56,58,57,56,52,49,49,49,48,47,46,46,43,41,38,35,33,31,28,25,28
42,0,0,0,0,0,0,0,0,0,0,0,0,0,0,1,1,1,1,1,0,0,0,0,0,0,0,1,0,0,0,0,0,0,1,2,2,3,3,3,4,6,9,12,11,10,9,9,7,5,9,14,13,12,12,12,13,14,13,12,10,8,9,11,8,6,6,6,4,3,2,2,1,0,1,2,1,0,1,2,1,1,1,1,2,3,2,1,0,0,0,0,0,0,1,2,1
43,0,0,0,0,0,0,0,0,0,0,0,0,0,0,0,0,1,1,1,1,1,1,2,3,5,4,4,3,3,4,6,5,5,6,8,9,10,13,17,22,27,33,39,38,38,40,43,43,44,47,51,49,47,47,47,50,54,50,46,52,58,62,66,59,52,49,47,44,42,45,49,40,32,30,29,27,25,20,16,13,10,7,4,3,3,3,3,3,4,3,2,2,2,2,2,1
44,0,0,1,0,0,0,0,0,0,0,0,0,0,0,0,0,0,0,0,0,0,0,0,0,0,0,1,1,2,3,4,2,1,2,4,2,1,2,3,4,5,4,3,3,3,3,3,3,3,2,2,4,6,5,5,5,6,7,8,7,6,5,5,3,2,1,1,2,3,2,1,2,3,2,1,1,1,0,0,0,1,2,4,2,0,0,0,0,0,0,0,0,0,0,0,0
45,3,3,4,4,4,4,4,4,4,4,4,4,4,4,4,4,5,5,6,6,6,6,6,6,6,7,8,8,8,10,13,18,23,28,34,36,39,51,63,72,81,89,97,106,116,117,118,129,140,136,133,137,142,150,158,147,136,130,124,115,106,99,93,76,60,46,33,25,18,16,15,14,13,12,12,12,12,13,14,14,14,14,14,13,13,11,10,10,10,10,10,9,9,8,8,5
46,8,11,14,14,14,15,16,17,19,18,18,18,19,19,19,19,19,18,17,17,18,17,17,18,20,20,21,23,25,25,26,29,32,38,44,44,45,51,58,59,60,61,62,65,69,74,80,83,87,87,87,87,87,93,100,100,101,91,82,81,81,79,78,79,81,76,71,68,65,66,67,57,48,45,43,39,35,36,38,35,33,33,33,34,35,31,28,28,28,25,22,19,17,13,10,9
47,25,28,31,32,34,38,43,41,39,40,41,42,43,44,46,45,44,45,46,46,47,51,55,55,56,57,59,62,65,68,71,73,76,83,90,91,93,94,95,104,114,108,102,108,115,117,120,120,121,120,119,122,126,122,118,116,115,116,117,119,121,120,120,115,111,101,92,97,103,93,83,81,80,77,75,75,75,74,74,72,71,69,68,67,66,65,64,57,51,49,48,44,40,35,30,27
48,18,20,22,23,25,24,24,24,25,24,24,24,25,24,24,24,25,25,26,25,25,25,26,27,28,28,29,30,32,35,38,40,42,44,47,53,60,69,78,86,94,100,106,105,104,105,107,108,109,112,115,119,123,116,110,114,118,108,99,107,116,114,112,98,84,70,56,51,46,43,41,38,35,34,34,35,36,35,34,33,33,32,31,29,27,28,30,28,27,26,25,23,22,21,20,19
49,4,3,3,3,3,3,4,4,4,4,4,4,4,4,4,4,4,4,4,4,4,4,4,4,5,5,6,5,5,6,8,7,7,7,8,9,10,11,12,12,13,14,16,16,16,16,17,16,15,14,14,12,11,12,14,16,18,18,18,17,16,16,16,14,12,12,12,11,10,9,9,9,9,10,11,10,10,10,11,11,12,11,11,11,11,10,10,9,9,9,9,8,7,6,5,4
50,2,2,3,3,3,3,4,3,3,3,4,4,4,4,4,4,4,4,4,5,6,6,6,7,8,8,9,8,8,13,18,23,28,32,37,41,46,56,66,63,61,67,74,74,74,72,70,73,77,70,63,64,66,62,59,54,50,49,48,51,55,51,47,47,47,37,27,25,24,20,16,15,15,14,13,14,15,13,12,12,12,10,9,8,8,8,9,8,8,6,5,4,3,2,2,2
51,10,10,11,11,12,11,11,12,13,12,12,11,11,11,11,11,12,12,12,12,12,11,11,11,12,13,15,15,15,16,17,17,17,16,16,15,15,16,17,18,20,18,17,20,24,23,22,19,16,16,17,20,24,20,16,17,18,19,20,19,19,25,31,27,23,22,22,21,20,20,21,19,17,15,14,13,13,13,14,13,12,13,14,13,12,11,11,10,10,9,9,9,9,8,7,8
52,124,135,147,154,161,170,179,178,177,177,178,181,185,186,188,191,194,195,197,197,197,199,201,211,222,222,223,230,238,252,266,274,282,298,315,324,334,347,361,374,387,388,390,395,400,409,419,438,457,462,468,486,504,500,497,482,468,471,474,466,459,458,458,464,471,456,441,429,417,410,404,396,389,383,378,357,336,329,322,324,326,316,307,286,266,254,243,238,233,223,213,189,165,147,130,127
53,1,0,0,0,0,0,1,1,2,1,1,1,1,1,1,1,1,1,1,1,2,2,2,2,2,2,2,2,2,3,4,4,4,5,6,7,8,12,16,15,15,14,14,20,27,24,21,22,24,22,21,23,26,34,43,44,46,36,27,29,31,30,29,21,13,11,10,6,2,1,1,1,2,1,1,1,1,1,1,1,1,1,1,1,1,1,1,1,1,1,1,1,1,1,1,1
54,3,3,3,3,3,3,3,3,3,3,3,2,2,2,2,2,3,3,3,2,2,2,2,2,2,2,3,2,2,2,2,2,2,1,1,3,6,4,2,2,3,4,5,4,3,2,2,3,4,4,5,6,7,7,7,9,11,9,7,6,5,4,4,3,3,4,6,4,3,2,1,1,2,2,2,2,3,3,3,3,4,3,3,3,3,3,3,3,3,3,3,2,1,1,1,2
55,36,37,38,40,42,43,45,44,44,45,46,46,46,47,48,48,48,48,49,49,50,52,54,54,55,58,62,63,65,67,69,69,70,76,82,81,81,77,74,76,78,80,82,82,82,82,83,83,84,84,85,83,82,82,82,78,75,73,71,74,77,74,71,75,79,79,80,76,72,74,76,74,73,69,66,66,66,61,56,57,59,60,61,58,56,57,58,57,57,52,47,48,50,42,34,35
56,7,7,8,9,11,11,11,12,13,12,12,12,13,12,12,12,13,12,12,12,13,13,13,14,15,13,12,15,18,17,17,19,21,20,20,20,21,23,26,28,30,29,29,30,32,33,34,35,36,37,38,37,37,36,35,38,41,40,40,40,40,38,36,32,29,29,30,25,21,19,18,18,18,17,16,16,17,17,18,17,17,16,16,16,16,15,14,13,12,11,11,11,12,9,6,6
57,0,0,0,0,0,0,0,0,0,0,0,0,0,0,0,0,0,0,0,0,0,0,0,0,0,0,0,0,0,0,0,0,0,0,0,0,0,0,0,0,0,0,0,0,0,0,0,0,0,0,0,0,0,0,0,0,0,0,0,0,0,0,0,0,0,0,0,0,0,0,0,0,0,0,0,0,0,0,0,0,0,0,0,0,0,0,0,0,0,0,0,0,0,0,0,0
58,0,0,0,0,0,0,0,0,0,0,0,0,0,0,0,0,0,0,0,0,0,0,0,0,0,0,0,0,0,0,0,0,0,0,0,0,0,0,0,0,0,0,0,0,0,0,0,0,0,0,0,0,0,0,0,0,0,0,0,0,0,0,0,0,0,0,0,0,0,0,0,0,0,0,0,0,0,0,0,0,0,0,0,0,0,0,0,0,0,0,0,0,0,0,0,0
59,252,245,239,245,251,257,263,260,257,256,256,260,265,265,266,269,273,278,284,286,289,303,318,342,366,381,396,433,471,518,566,592,618,704,790,829,869,956,1043,1115,1187,1228,1270,1348,1426,1440,1455,1516,1577,1598,1620,1636,1652,1669,1686,1690,1694,1697,1701,1702,1704,1745,1787,1814,1842,1876,1911,1910,1910,1873,1836,1805,1775,1774,1773,1699,1626,1555,1484,1433,1382,1308,1234,1200,1167,1095,1023,937,851,786,721,635,549,472,396,324
60,2,1,1,1,1,1,2,1,1,1,1,1,1,1,1,1,1,1,1,1,2,2,2,3,4,3,2,2,3,5,8,9,10,16,22,21,20,19,18,19,21,25,29,25,22,23,24,24,24,22,21,23,25,27,29,26,24,26,29,22,16,16,16,17,19,13,7,5,4,3,2,1,1,2,3,4,6,4,2,2,3,2,1,2,3,3,3,3,3,3,4,2,1,1,1,1
61,2,3,4,4,5,5,5,5,5,4,4,4,4,4,4,4,5,5,5,4,4,4,5,5,5,5,6,8,11,10,10,8,7,7,8,9,11,10,10,10,10,10,10,9,8,8,8,8,8,10,13,12,11,10,10,11,13,12,11,10,9,9,9,9,9,9,9,9,9,10,12,9,6,6,7,7,7,7,7,7,8,7,7,9,11,9,7,7,7,5,4,4,4,2,1,1
62,18,19,20,22,24,26,28,27,26,26,27,29,31,30,29,29,29,29,29,28,28,29,31,33,36,39,43,46,49,52,56,64,72,69,66,68,70,72,74,73,72,72,72,74,77,82,87,93,99,97,95,94,93,93,94,91,89,90,91,88,85,82,80,81,83,77,72,70,68,66,65,66,68,63,59,61,63,62,61,60,60,59,58,57,57,55,54,54,55,51,48,41,35,31,28,23
63,0,0,0,0,0,0,0,0,0,0,0,0,0,0,0,0,0,0,0,0,0,0,0,0,0,0,0,0,0,0,0,0,0,0,0,0,0,0,0,0,0,0,0,0,0,0,0,0,0,0,0,0,0,0,0,0,0,0,0,0,0,0,0,0,0,0,0,0,0,0,0,0,0,0,0,0,0,0,0,0,0,0,0,0,0,0,0,0,0,0,0,0,0,0,0,0
64,0,0,0,0,0,0,0,0,0,0,0,0,0,0,0,0,0,0,0,0,0,0,0,0,0,0,0,0,0,0,0,0,0,0,0,0,0,0,0,0,0,0,0,0,0,0,0,0,0,0,0,0,0,0,0,0,0,0,0,0,0,0,0,0,0,0,0,0,0,0,0,0,0,0,0,0,0,0,0,0,0,0,0,0,0,0,0,0,0,0,0,0,0,0,0,0
65,1,1,1,1,1,1,1,1,1,1,1,1,1,1,1,1,1,1,1,1,1,1,1,1,1,1,1,2,4,4,5,5,5,3,2,3,4,5,7,4,1,5,9,9,10,10,10,8,7,8,10,9,9,12,16,13,10,12,14,12,10,11,13,10,8,6,5,3,1,1,2,1,1,1,1,1,1,1,2,2,2,2,2,2,3,2,2,2,2,2,2,2,2,1,0,0
66,14,15,17,18,19,19,19,19,19,17,16,16,17,18,19,19,20,19,18,17,17,17,18,18,18,19,20,21,22,24,27,26,25,26,27,33,40,38,37,38,40,46,53,50,47,50,54,55,56,58,60,53,46,46,47,45,43,44,45,46,48,45,42,40,39,36,33,30,27,25,24,24,25,26,28,29,30,28,26,25,25,24,23,25,28,26,24,23,23,22,21,16,12,12,13,13
67,0,0,0,0,0,0,0,0,0,0,0,0,0,0,0,0,0,0,0,0,0,0,0,0,0,0,0,0,0,0,0,0,0,0,0,0,0,0,0,0,1,0,0,0,0,0,1,1,2,1,1,0,0,1,2,1,0,0,0,0,0,0,0,0,0,0,0,0,0,0,0,0,0,0,0,0,0,0,0,0,0,0,0,0,0,0,0,0,0,0,0,0,0,0,0,0
68,3,3,3,3,3,4,5,5,5,5,5,5,5,5,5,5,5,5,5,5,5,5,5,5,5,5,6,6,7,7,7,6,6,6,7,7,7,7,7,8,10,10,11,13,15,12,10,10,11,11,11,9,8,9,11,11,11,11,12,14,17,15,13,11,9,8,8,7,7,7,7,7,7,7,8,7,7,7,7,7,7,6,6,6,6,6,6,5,5,4,4,4,4,4,4,3
69,60,64,69,73,77,80,84,86,89,90,91,90,90,91,93,92,92,93,95,97,99,103,107,111,115,122,129,132,135,139,143,149,155,154,154,159,165,173,182,180,179,182,185,191,198,202,206,212,219,219,220,216,212,217,223,224,226,231,237,233,229,216,204,202,201,198,195,195,195,197,200,189,178,175,172,170,168,155,143,129,115,113,111,111,111,108,105,104,104,97,91,81,72,64,57,58
70,0,0,0,0,0,0,0,0,0,0,0,0,0,0,0,0,0,0,0,0,0,0,0,0,0,0,0,0,0,0,0,0,0,0,0,0,0,0,0,0,0,0,0,0,0,0,0,0,0,0,0,0,0,0,0,0,0,0,0,0,0,0,0,0,0,0,0,0,0,0,0,0,0,0,0,0,0,0,0,0,0,0,0,0,0,0,0,0,0,0,0,0,0,0,0,0
71,0,0,0,0,0,0,0,0,0,0,0,0,0,0,0,0,0,0,0,0,0,0,0,0,0,0,0,0,0,0,0,0,0,0,0,0,0,0,0,0,0,0,0,0,0,0,0,0,0,0,0,0,0,0,0,0,0,0,0,0,0,0,0,0,0,0,0,0,0,0,0,0,0,0,0,0,0,0,0,0,0,0,0,0,0,0,0,0,0,0,0,0,0,0,0,0
72,19,22,26,27,28,29,30,31,32,30,29,30,32,33,35,35,35,35,35,35,35,36,37,36,36,41,47,45,43,44,45,48,51,50,49,52,55,56,58,56,55,57,59,60,61,59,58,64,71,68,66,65,64,63,63,70,77,71,66,63,61,64,68,68,68,66,64,65,66,64,62,58,54,53,52,52,52,51,50,49,48,49,50,48,46,43,41,39,37,34,32,29,26,23,21,20
73,0,0,0,0,0,0,0,0,0,0,0,0,0,0,0,0,0,0,0,0,0,0,0,0,0,0,0,0,0,0,0,0,0,0,0,0,0,0,0,0,0,0,0,0,0,0,0,0,0,0,0,0,0,0,0,0,0,0,0,0,0,0,0,0,0,0,0,0,0,0,0,0,0,0,0,0,0,0,0,0,0,0,0,0,0,0,0,0,0,0,0,0,0,0,0,0
74,0,0,0,0,0,0,0,0,0,0,0,0,0,0,0,0,0,0,0,0,1,0,0,0,1,0,0,0,0,0,0,0,0,0,0,0,0,0,0,0,0,0,0,0,0,0,0,0,0,0,0,0,0,0,1,0,0,0,0,0,0,0,0,0,0,0,0,0,0,0,0,0,0,0,0,0,0,0,0,0,0,0,0,0,0,0,0,0,0,0,0,0,0,0,0,0
75,6,6,6,6,6,6,7,6,6,6,6,6,6,6,7,8,9,9,9,9,9,10,11,11,11,10,10,10,11,10,10,11,13,15,17,16,15,14,13,13,13,15,17,17,18,20,22,19,16,15,15,17,20,21,22,20,18,22,26,23,21,17,14,20,26,24,22,18,14,14,14,13,13,13,14,15,16,13,11,11,11,10,10,11,13,11,10,10,10,8,6,5,5,4,4,5
76,1,1,1,1,1,1,1,1,1,1,1,1,1,1,1,1,1,1,1,1,1,1,1,1,1,1,2,1,1,1,1,2,4,3,2,2,3,5,7,5,4,4,5,5,5,5,5,5,6,4,3,4,5,4,3,4,5,4,4,4,4,5,6,5,4,3,2,1,1,1,1,1,1,1,1,1,1,1,1,1,1,1,1,1,1,1,2,1,1,1,2,2,2,1,1,1
77,1,2,3,2,2,2,2,2,3,3,3,3,3,3,3,3,3,4,5,4,4,4,4,4,4,4,4,4,4,4,4,3,3,4,5,4,4,4,5,7,9,9,10,9,9,9,10,9,8,8,9,8,7,6,5,6,7,7,7,6,6,6,7,7,8,6,5,5,6,5,5,5,5,5,5,5,5,5,5,5,5,5,5,4,4,4,4,3,3,3,3,3,3,2,2,1
78,0,0,0,0,0,0,0,0,0,0,0,0,0,0,0,0,0,0,0,0,0,0,0,0,0,0,0,0,0,0,0,0,0,0,0,1,3,3,4,6,9,10,11,10,10,11,13,10,8,7,6,6,7,6,6,7,8,8,8,8,9,8,7,3,0,0,1,0,0,0,0,0,0,0,1,0,0,0,0,0,0,0,0,0,0,0,0,0,0,0,0,0,0,0,0,0
79,0,0,0,0,0,0,0,0,0,0,0,0,0,0,0,0,0,0,0,0,0,0,0,0,0,0,0,0,0,0,0,0,0,0,0,0,0,0,0,0,0,0,0,0,0,0,0,0,0,0,0,0,0,0,0,0,0,0,0,0,0,0,0,0,0,0,0,0,0,0,0,0,0,0,0,0,0,0,0,0,0,0,0,0,0,0,0,0,0,0,0,0,0,0,0,0
80,0,0,0,0,0,0,0,0,0,0,0,0,0,0,0,0,0,0,0,0,0,0,0,0,0,0,0,0,0,0,0,0,0,0,0,0,0,0,0,0,0,0,0,0,0,0,0,0,0,0,0,0,0,0,0,0,0,0,0,0,0,0,0,0,0,0,0,0,0,0,0,0,0,0,0,0,0,0,0,0,0,0,0,0,0,0,0,0,0,0,0,0,0,0,0,0
81,3,3,3,3,3,3,3,3,3,3,4,4,4,4,4,4,4,4,4,4,4,4,5,6,7,6,6,6,6,6,6,6,7,7,7,6,6,5,5,5,6,6,6,6,6,6,6,6,6,5,5,5,5,5,5,6,7,7,7,6,6,6,6,5,5,5,6,5,5,5,5,5,5,4,4,4,5,4,4,4,4,4,4,3,3,3,3,3,4,3,3,3,3,3,3,3
82,0,0,0,0,0,0,0,0,0,0,0,0,0,0,0,0,0,0,0,0,0,0,0,0,0,0,0,0,0,0,0,0,0,0,0,0,0,0,0,0,0,0,0,0,0,0,0,0,0,0,0,0,0,0,0,0,0,0,0,0,0,0,0,0,0,0,0,0,0,0,0,0,0,0,0,0,0,0,0,0,0,0,0,0,0,0,0,0,0,0,0,0,0,0,0,0
83,6,6,7,7,7,7,7,6,6,6,6,6,6,6,6,7,8,8,8,8,9,8,8,9,11,9,8,11,15,14,13,15,18,20,22,22,23,22,21,20,20,19,18,24,31,31,31,33,36,36,36,31,27,29,32,32,33,33,33,31,29,32,36,31,27,26,26,26,26,27,28,23,19,21,23,24,25,24,24,19,14,16,18,19,21,15,9,11,14,12,10,10,10,6,3,4
84,3,3,4,4,5,5,5,6,7,8,10,10,11,11,12,12,12,11,11,11,11,11,11,11,11,11,12,12,12,12,12,12,13,13,13,13,14,14,15,13,12,14,16,15,15,14,14,13,12,12,13,13,14,12,11,17,24,19,14,14,15,13,11,10,9,10,12,12,12,12,13,11,10,10,11,10,10,10,10,10,10,9,9,10,12,12,12,11,10,10,11,10,10,9,9,6
85,0,0,0,0,0,0,0,0,0,0,0,0,0,0,0,0,0,0,0,0,0,0,0,0,0,0,0,0,0,0,0,0,0,0,0,0,0,0,0,0,0,0,0,0,0,0,0,0,0,0,0,0,0,0,0,0,0,0,0,0,0,0,0,0,0,0,0,0,0,0,0,0,0,0,0,0,0,0,0,0,1,0,0,0,0,0,0,0,0,0,0,0,0,0,0,0
86,0,0,0,0,0,0,0,0,0,0,0,0,0,0,0,0,0,0,0,0,0,0,0,0,0,0,0,0,0,0,0,0,0,0,1,1,2,3,4,5,6,6,6,5,5,6,7,8,10,8,6,5,4,4,5,4,3,6,10,8,6,7,9,7,5,5,5,5,5,3,2,1,1,1,2,2,3,2,1,1,2,1,0,0,0,0,1,1,1,1,1,1,1,0,0,0
87,0,0,0,0,0,0,0,0,0,0,0,0,0,0,0,0,0,0,0,0,0,0,0,0,0,0,0,0,0,0,0,0,1,0,0,1,2,2,3,2,1,1,1,2,3,3,4,4,4,3,2,2,3,5,7,5,4,4,5,4,3,4,5,5,5,2,0,0,1,1,2,2,2,1,0,0,0,0,0,0,0,1,2,1,0,0,0,0,0,0,0,0,0,0,0,0
88,0,0,0,0,0,0,0,0,0,0,0,0,0,0,0,0,0,0,0,0,0,0,0,0,0,0,0,0,0,0,0,0,0,0,0,0,0,0,0,0,0,0,1,2,3,1,0,0,1,0,0,0,1,0,0,0,1,0,0,0,0,0,0,0,0,0,0,0,0,0,0,0,0,0,0,0,0,0,1,0,0,0,0,0,0,0,0,0,0,0,0,0,0,0,0,0
89,29,32,36,37,39,40,41,40,39,39,40,44,49,48,47,47,48,48,48,50,52,51,50,51,52,54,57,59,62,64,67,70,73,72,71,72,73,73,74,80,86,89,92,93,95,99,104,102,101,101,102,101,100,98,96,99,102,99,97,92,88,87,86,87,89,84,79,82,85,86,87,81,75,74,74,73,73,71,70,69,69,65,62,62,63,60,58,54,51,49,47,47,47,39,31,30
90,53,59,66,69,72,75,78,81,84,84,84,86,89,89,89,89,89,89,90,93,96,96,97,99,102,109,117,121,126,137,148,155,162,163,164,162,160,172,184,188,193,190,187,188,190,188,187,188,190,194,198,202,206,207,208,208,208,198,189,188,188,188,189,187,185,193,201,203,206,201,196,190,184,174,165,160,155,144,134,137,140,132,124,125,126,122,118,118,118,108,98,94,90,79,69,61
91,16,14,12,15,18,17,16,16,16,15,15,13,12,13,15,13,12,12,13,14,15,15,16,16,17,17,18,20,23,26,29,28,28,28,28,34,40,43,47,41,36,44,53,55,57,60,63,65,68,66,64,61,59,60,61,65,69,72,75,71,67,69,72,66,60,67,74,70,67,66,66,64,63,61,60,64,68,61,55,55,55,52,50,50,50,43,37,39,41,35,30,29,29,26,23,19
92,118,128,139,141,143,140,137,139,141,143,146,148,151,153,156,158,161,159,157,161,165,167,169,175,181,189,198,203,208,226,244,247,251,255,260,272,284,288,292,294,297,315,334,337,340,348,357,349,342,332,323,332,341,358,376,375,374,360,346,344,342,349,357,364,371,377,384,376,369,379,389,387,386,375,364,365,367,359,351,337,323,298,273,275,277,272,267,255,244,230,216,204,193,175,157,137
93,287,309,332,341,351,362,373,379,386,393,400,397,394,395,397,404,411,412,413,423,433,444,456,463,470,488,507,532,557,572,588,604,620,630,640,651,662,667,672,688,704,698,692,695,699,717,735,741,747,747,748,749,751,756,761,758,756,762,769,766,764,766,769,775,782,774,766,764,762,767,773,763,754,758,762,747,733,714,695,687,680,638,597,591,586,581,576,564,552,525,498,455,412,365,319,303
94,226,248,270,284,298,309,320,324,328,334,340,342,345,349,354,359,365,368,372,380,388,398,408,423,439,467,495,519,543,570,597,636,676,687,699,741,784,806,828,830,833,867,901,904,907,922,938,932,927,940,954,952,951,939,928,933,939,939,939,935,931,959,988,988,989,1046,1104,1106,1108,1114,1120,1071,1023,992,961,935,910,889,868,856,845,824,804,768,733,710,687,658,629,582,536,508,481,405,330,278
95,36,36,37,41,45,44,43,46,50,47,45,45,46,44,43,45,48,47,46,46,47,48,49,49,50,49,48,48,49,54,59,62,66,66,67,69,71,68,65,66,68,67,66,70,75,79,83,85,87,88,90,90,91,87,83,81,80,89,98,93,89,90,91,95,100,97,95,101,107,109,111,115,120,116,112,108,104,105,107,104,102,102,103,99,96,89,83,84,86,81,77,67,57,48,40,38
96,0,0,0,0,0,0,0,0,0,0,0,0,0,0,0,0,0,0,0,0,0,0,0,0,0,0,0,0,0,0,0,0,0,0,0,0,0,0,0,0,0,0,0,0,0,0,0,0,0,0,0,0,0,0,0,0,0,0,0,0,0,0,0,0,0,0,0,0,0,0,0,0,0,0,0,0,0,0,0,0,0,0,0,0,0,0,0,0,0,0,0,0,0,0,0,0
97,0,0,0,0,0,0,1,1,1,1,1,1,1,1,1,1,1,1,1,1,1,1,1,1,1,1,1,1,1,1,1,1,2,2,3,4,5,5,5,6,7,7,7,5,4,3,3,4,6,5,4,4,5,7,10,9,9,10,12,10,9,10,11,8,5,4,3,2,2,2,2,2,2,2,2,2,2,2,2,1,1,1,1,0,0,0,0,0,0,0,0,0,0,0,0,0
98,0,0,1,1,1,1,1,1,1,1,1,1,2,2,3,3,3,3,3,4,6,5,5,5,5,5,5,5,6,7,8,7,6,6,6,8,10,11,13,15,18,18,18,19,20,21,23,20,17,18,19,17,16,14,13,14,15,14,14,16,18,16,14,14,15,11,8,9,10,8,7,6,6,6,6,6,6,6,7,5,4,4,4,4,4,4,4,3,3,2,2,2,2,2,2,1
99,1,1,2,2,2,2,2,2,3,2,2,2,2,2,2,2,3,3,3,3,3,3,3,2,2,2,2,2,3,2,2,1,1,1,2,2,2,2,2,1,1,1,1,1,2,1,1,1,1,1,2,2,2,2,3,2,2,2,2,1,1,1,2,2,2,2,3,2,2,1,1,1,2,2,2,2,2,2,3,2,2,2,2,2,2,1,1,1,1,1,1,1,1,1,1,1
100,12,14,16,17,19,20,21,23,26,24,23,24,26,24,22,22,23,23,24,23,23,24,25,25,25,24,23,25,28,29,31,37,43,40,38,40,42,39,37,44,52,53,55,53,51,60,69,68,67,63,59,59,60,64,69,72,75,71,67,60,54,64,74,68,63,61,60,74,88,77,67,61,55,61,68,64,60,55,50,49,49,48,48,46,44,40,36,35,34,31,29,30,31,28,26,19
101,49,54,59,62,66,67,68,72,77,77,77,76,76,79,83,83,83,83,84,86,88,92,97,101,105,111,118,127,137,141,145,154,163,179,196,195,195,205,215,227,239,227,216,230,245,247,249,254,260,259,259,271,284,275,267,265,264,267,271,281,292,291,290,275,261,269,278,260,243,244,245,260,275,264,254,258,263,256,249,233,218,201,185,184,183,172,161,146,132,110,88,90,92,83,75,62
102,4,5,6,6,6,6,6,6,6,6,6,6,6,6,6,5,5,5,5,5,6,5,4,5,7,8,10,9,9,10,11,12,13,14,16,16,17,17,18,17,16,16,17,18,20,21,22,19,17,18,20,21,23,22,22,23,25,25,25,27,29,28,28,25,23,22,22,20,19,16,14,13,12,11,10,10,10,10,10,11,12,11,10,11,12,12,12,11,10,10,11,11,12,10,9,6
103,2,2,2,2,3,2,2,2,3,2,2,2,2,2,2,1,1,1,2,2,2,1,1,1,1,1,2,1,1,3,6,7,8,10,12,10,9,8,7,9,11,10,10,10,11,20,29,24,20,21,22,20,18,17,17,11,5,9,13,16,19,19,19,15,12,15,19,15,12,10,9,12,15,16,17,15,13,11,10,8,6,6,7,7,8,7,7,4,2,4,6,4,2,2,3,2
104,136,147,159,161,163,169,176,177,178,179,181,184,187,190,193,193,193,198,204,204,205,211,218,236,254,257,261,279,297,313,329,356,383,398,414,425,436,439,443,449,456,458,461,469,478,466,455,480,506,504,503,501,500,494,488,484,480,489,498,518,538,516,494,499,504,514,524,532,541,523,505,494,484,450,416,407,399,372,345,339,334,324,314,311,308,292,277,280,283,269,255,231,207,180,154,145
105,30,26,23,24,25,26,27,27,27,28,29,27,26,26,26,26,26,26,26,27,29,32,35,39,44,48,53,70,87,93,99,121,144,138,133,140,148,158,169,175,181,218,256,230,205,201,198,202,207,205,204,199,194,197,201,196,191,185,180,191,202,207,212,215,219,229,239,228,217,220,223,221,220,217,215,187,160,150,141,137,134,141,148,142,137,130,123,108,94,87,80,78,76,68,61,45
106,16,17,19,19,19,21,23,24,26,25,24,24,24,24,24,23,23,24,25,26,27,30,33,35,37,39,42,46,50,50,51,57,63,64,66,74,83,81,80,91,103,105,107,107,108,111,114,116,118,124,130,121,112,115,119,118,118,116,114,112,110,118,126,124,122,121,121,122,124,113,103,99,96,94,92,84,77,70,63,62,61,64,68,66,65,59,54,53,53,52,51,51,52,43,35,25
107,705,695,685,693,702,704,707,699,692,699,706,716,727,735,743,746,749,765,781,822,863,936,1009,1127,1245,1396,1548,1693,1838,2137,2437,2712,2987,3120,3253,3444,3635,3718,3802,4004,4207,4309,4412,4499,4587,4527,4468,4610,4752,4736,4721,4728,4735,4746,4758,4709,4661,4616,4571,4607,4644,4696,4749,4708,4668,4774,4881,4857,4833,4795,4758,4648,4538,4361,4185,4012,3840,3694,3549,3425,3301,3117,2934,2804,2674,2560,2446,2253,2060,1902,1744,1613,1483,1292,1101,903
108,2,2,2,2,2,2,2,2,2,2,3,2,2,2,2,2,2,2,2,2,2,2,3,4,5,5,5,6,7,10,14,12,10,11,13,16,20,19,19,25,31,33,35,36,38,43,48,44,41,48,55,58,62,54,47,50,53,53,54,54,55,51,48,44,40,45,50,42,35,33,32,29,27,21,15,18,21,18,16,17,19,17,15,15,15,15,15,19,23,23,23,20,18,14,11,6
109,1,1,1,1,1,1,1,1,1,1,1,2,3,2,2,1,1,1,2,2,2,2,3,4,5,6,7,7,7,9,11,9,8,10,13,13,14,14,14,15,17,17,17,19,22,19,16,16,17,17,17,16,16,15,15,14,13,13,13,13,14,17,20,16,13,12,12,12,12,9,6,5,4,5,6,5,4,4,4,4,5,4,3,3,3,2,2,3,4,3,3,3,3,3,3,2
110,0,0,0,0,0,0,0,0,0,0,0,0,0,0,0,0,0,0,0,0,0,0,0,0,0,0,0,0,0,0,1,1,2,1,0,0,1,0,0,0,0,1,2,1,0,0,0,0,0,0,0,0,0,0,0,0,1,0,0,0,0,0,0,0,0,0,0,0,1,0,0,0,0,0,1,0,0,0,0,0,0,0,0,0,0,0,0,0,1,0,0,0,0,0,0,0
111,34,26,18,15,12,13,15,13,11,11,11,11,11,11,11,12,14,13,12,15,19,20,22,29,37,46,56,59,63,88,114,127,141,142,143,163,183,201,220,236,252,247,243,248,253,267,281,270,259,264,269,271,274,263,252,247,242,256,270,265,260,273,287,281,276,303,330,341,353,350,348,320,292,257,222,205,188,171,155,152,150,146,142,127,113,100,88,86,85,84,83,73,64,44,25,29
112,19,21,23,24,25,27,29,29,29,28,28,28,28,28,29,29,30,30,31,32,33,33,34,34,35,36,37,37,37,36,35,37,40,40,40,41,42,43,45,52,59,63,67,66,66,66,66,71,76,77,78,77,76,70,64,66,68,70,73,69,65,65,66,67,69,66,63,64,65,64,64,65,67,66,65,60,55,55,55,50,45,43,42,39,37,35,33,32,31,30,29,26,23,24,26,22
113,0,0,0,0,0,0,0,0,0,0,0,0,0,0,0,0,0,0,0,0,0,0,0,0,1,1,1,1,1,1,1,1,1,2,4,3,3,7,12,9,7,7,8,8,9,8,8,7,6,6,6,5,5,3,2,3,5,4,4,3,3,4,6,4,2,1,1,0,0,0,0,0,0,0,0,0,0,0,0,0,0,0,0,0,0,0,0,0,0,0,0,0,0,0,0,0
114,82,87,93,90,88,92,96,95,95,98,101,98,96,97,98,99,100,98,97,103,110,114,119,130,141,154,168,177,186,224,262,290,318,326,334,343,353,369,385,389,393,412,431,430,430,427,424,419,415,416,417,426,436,419,403,398,394,394,394,393,392,401,411,406,401,391,382,379,376,394,413,380,347,342,337,326,315,291,267,265,263,254,245,230,215,198,182,176,171,152,134,130,126,105,85,83
115,5,5,6,6,6,6,7,7,8,7,7,7,7,7,8,8,8,8,8,7,7,7,7,7,8,9,10,9,8,9,11,11,12,10,9,11,14,18,22,21,20,21,23,22,21,24,27,25,24,30,36,37,39,40,41,40,39,32,25,24,24,23,22,21,20,21,22,20,19,17,15,15,15,13,12,12,12,12,12,10,9,9,10,9,9,8,8,7,7,6,6,5,5,5,5,5
116,0,0,0,0,0,0,0,0,0,0,0,0,0,0,0,0,0,0,0,0,0,0,0,0,0,0,0,0,0,0,0,0,0,0,0,0,0,0,0,0,0,0,0,0,0,0,0,0,0,0,0,0,0,0,0,0,0,0,0,0,0,0,0,0,0,0,0,0,0,0,0,0,0,0,0,0,0,0,0,0,0,0,0,0,0,0,0,0,0,0,0,0,0,0,0,0
117,0,0,0,0,0,0,0,0,0,0,0,0,0,0,0,0,0,0,0,0,0,0,0,0,0,0,0,0,0,0,0,0,0,0,0,0,0,0,0,0,0,0,0,0,0,0,0,0,0,0,0,0,0,0,0,0,0,0,0,0,0,0,0,0,0,0,0,0,0,0,0,0,0,0,0,0,0,0,0,0,0,0,0,0,0,0,0,0,0,0,0,0,0,0,0,0
118,12,12,12,12,12,13,14,13,13,14,15,15,16,17,19,18,18,18,19,19,20,19,19,19,19,21,24,22,20,20,20,20,20,18,16,18,20,19,19,17,16,17,18,20,22,21,21,23,25,25,25,25,26,27,28,25,23,23,24,25,27,25,23,27,31,29,27,25,24,24,24,28,32,29,26,24,23,24,25,27,29,26,24,25,27,25,24,24,25,21,18,18,19,16,14,13
119,0,0,0,0,0,0,0,0,0,0,0,0,0,0,0,0,0,0,0,0,0,0,0,0,0,0,0,0,0,0,0,0,0,0,0,0,0,0,0,0,0,0,0,0,0,0,0,0,0,0,0,0,0,0,0,0,0,0,0,0,0,0,0,0,0,0,0,0,0,0,0,0,0,0,0,0,0,0,0,0,0,0,0,0,0,0,0,0,0,0,0,0,0,0,0,0
120,0,0,0,0,0,0,0,0,0,0,0,0,0,0,0,0,0,0,0,0,0,0,0,0,0,0,0,0,0,0,0,0,0,0,0,0,0,0,0,0,0,0,0,0,0,0,0,0,0,0,0,0,0,0,0,0,0,0,0,0,0,0,0,0,0,0,0,0,0,0,0,0,0,0,0,0,0,0,0,0,0,0,0,0,0,0,0,0,0,0,0,0,0,0,0,0
121,532,571,611,633,655,671,688,708,728,732,737,745,754,755,757,765,773,777,781,799,817,839,862,887,913,951,990,1053,1116,1181,1247,1303,1360,1417,1474,1527,1580,1609,1639,1695,1751,1771,1792,1843,1895,1898,1902,1944,1987,2016,2046,2043,2040,2067,2095,2069,2044,2065,2087,2124,2161,2122,2084,2108,2133,2132,2131,2091,2051,1978,1906,1850,1795,1710,1625,1582,1540,1489,1438,1430,1423,1389,1355,1298,1241,1196,1152,1110,1068,1012,957,902,848,726,605,568
122,4,6,9,10,11,10,9,9,10,9,9,9,9,9,10,10,10,11,12,11,11,12,14,14,15,15,15,17,19,20,22,23,25,24,24,30,37,36,35,36,38,36,35,36,38,37,36,37,38,40,43,41,40,42,45,48,52,50,49,48,47,49,51,44,37,36,36,35,35,38,42,38,35,33,31,30,29,28,28,28,28,27,26,25,24,24,24,22,21,19,17,14,12,11,10,7
123,0,0,0,0,0,0,0,0,0,0,0,0,0,0,0,0,0,0,0,0,0,0,0,0,0,0,0,0,0,0,0,0,0,0,0,0,0,0,0,0,0,0,0,0,0,0,0,0,0,0,0,0,0,0,0,0,0,0,0,0,0,0,0,0,0,0,0,0,0,0,0,0,0,0,0,0,0,0,0,0,0,0,0,0,0,0,0,0,0,0,0,0,0,0,0,0
124,28,29,30,32,35,36,38,38,39,39,39,39,39,40,42,41,41,42,43,43,44,46,49,50,52,56,61,61,62,67,73,75,77,81,86,82,79,75,72,82,93,90,87,86,86,87,88,92,96,98,101,106,112,107,102,111,121,126,132,128,125,125,126,125,125,122,119,108,97,90,83,80,77,78,80,73,66,70,75,72,69,69,70,69,68,65,63,61,59,49,39,39,39,34,29,28
125,112,123,135,137,140,145,151,149,148,152,157,156,155,158,162,162,163,165,167,166,165,170,176,180,184,186,189,200,212,221,230,232,234,234,234,238,242,240,239,243,248,241,235,249,263,254,246,251,256,260,264,260,257,257,258,261,264,266,268,262,256,256,256,261,267,271,275,274,273,272,272,259,246,240,234,229,224,219,215,213,211,214,218,208,199,194,190,178,166,163,161,153,146,131,117,114
126,234,254,274,290,307,316,325,330,335,334,333,337,341,343,346,345,345,346,348,356,364,367,370,384,399,406,413,426,439,462,486,504,522,525,528,526,524,540,556,560,564,570,576,590,604,594,585,595,605,618,631,624,617,619,622,613,605,603,602,601,600,596,592,594,596,611,626,619,612,609,606,594,582,581,580,567,554,543,533,533,534,520,506,499,492,497,503,484,466,459,452,415,378,336,294,264
127,6,5,5,5,6,7,8,8,9,7,6,6,7,7,7,7,7,6,6,6,7,8,9,8,7,6,6,7,9,8,7,7,7,6,5,5,5,6,8,9,10,9,8,6,5,6,7,7,7,6,6,8,11,9,7,7,8,7,7,7,7,6,6,6,6,6,7,7,7,10,13,11,10,10,10,9,8,7,6,6,6,7,8,8,8,8,8,8,8,7,7,6,6,4,3,4
128,40,46,52,49,47,49,52,52,53,53,54,54,55,55,55,56,58,58,58,58,58,57,56,57,59,61,64,66,69,70,71,75,80,80,80,80,80,81,83,85,87,82,77,83,90,86,82,86,91,86,82,88,94,94,94,90,86,84,83,87,92,89,87,84,81,78,76,80,84,84,84,85,86,82,79,81,84,84,84,86,89,83,78,74,71,72,73,70,68,64,61,55,50,45,40,40
129,0,0,0,0,0,0,0,0,0,0,0,0,0,0,0,0,0,0,0,0,0,0,0,0,0,0,0,0,0,0,0,0,0,0,0,0,0,0,0,0,0,0,0,0,0,0,0,0,0,0,0,0,0,0,0,0,0,0,0,0,0,0,0,0,0,0,0,0,0,0,0,0,0,0,0,0,0,0,0,0,0,0,0,0,0,0,0,0,0,0,0,0,0,0,0,0
130,10,12,15,18,21,19,18,20,23,22,21,21,22,23,25,22,20,20,20,20,21,21,21,21,22,24,26,24,23,26,29,32,35,33,32,30,28,27,27,29,32,31,30,31,32,32,33,36,39,44,50,49,48,47,46,44,42,44,47,50,54,53,53,49,46,50,55,54,53,53,53,44,36,36,36,34,33,31,30,34,39,35,31,26,21,21,21,22,23,22,22,20,19,15,11,10
131,20,22,24,22,20,21,23,24,25,25,26,26,26,26,26,26,27,27,28,30,32,30,29,28,28,33,38,46,55,62,70,84,98,96,95,104,113,116,120,131,143,135,127,147,168,166,164,163,163,146,130,146,162,147,133,152,171,160,150,153,156,165,174,163,152,149,147,156,165,158,152,139,127,117,107,97,88,88,88,77,67,59,51,59,67,56,45,42,40,36,32,31,31,26,21,20
132,0,2,5,3,1,1,1,1,1,1,1,1,1,1,1,1,1,0,0,0,1,1,2,7,12,8,5,9,14,17,21,26,31,31,31,41,51,53,55,61,67,57,47,49,52,56,60,56,52,53,54,58,63,65,67,68,69,69,69,65,61,59,58,49,40,45,50,44,38,38,39,35,31,35,39,36,33,27,22,23,25,27,29,22,15,13,12,11,11,7,4,7,10,7,5,2
133,58,67,77,81,86,89,93,96,100,101,102,103,104,104,104,104,105,104,104,107,110,112,115,123,132,137,143,156,169,179,190,207,224,229,235,250,265,271,277,289,301,316,331,334,337,346,356,368,381,373,365,370,375,368,362,363,364,353,342,342,343,347,351,349,348,339,331,327,324,319,314,300,287,273,260,245,230,231,232,230,228,208,189,185,181,169,158,148,139,124,109,100,91,82,73,65
134,7,7,7,7,7,7,8,8,8,8,8,8,8,8,9,8,8,8,8,8,8,8,8,8,8,8,9,10,11,11,11,11,11,11,12,11,10,10,10,11,12,11,10,10,11,11,11,11,12,11,10,9,8,9,11,10,10,10,10,10,10,11,12,12,13,10,8,8,9,10,11,10,10,10,10,9,8,8,8,8,9,9,10,9,9,9,9,8,8,8,9,7,5,4,3,5
135,2,2,2,2,3,3,4,4,4,4,4,4,5,4,4,4,5,5,5,4,4,3,3,2,2,3,4,4,5,4,4,5,7,6,5,5,6,7,8,10,13,13,14,14,14,17,20,20,21,21,21,19,18,17,17,19,21,16,12,14,17,17,18,21,24,19,14,11,9,7,5,5,6,6,6,4,3,2,2,2,2,3,4,3,3,2,2,1,1,1,1,1,2,1,1,1
136,0,0,0,0,0,0,0,0,0,0,0,0,0,0,0,0,0,0,0,0,0,0,0,0,0,0,0,0,0,0,0,0,0,0,0,0,0,0,0,0,0,0,0,0,0,0,0,0,0,0,0,0,0,0,0,0,0,0,0,0,0,0,0,0,0,0,0,0,0,0,0,0,0,0,0,0,0,0,0,0,0,0,0,0,0,0,0,0,0,0,0,0,0,0,0,0
137,0,0,0,0,0,0,0,0,0,0,0,0,0,0,0,0,0,0,0,0,0,0,0,0,0,0,0,0,0,0,0,0,0,0,0,0,0,0,0,0,0,0,0,0,0,0,0,0,0,0,0,0,0,0,0,0,0,0,0,0,0,0,0,0,0,0,0,0,0,0,0,0,0,0,0,0,0,0,0,0,0,0,0,0,0,0,0,0,0,0,0,0,0,0,0,0
138,0,0,0,0,0,0,0,0,0,0,0,0,0,0,0,0,0,0,0,0,0,0,1,0,0,1,3,3,3,4,5,8,12,13,14,14,15,16,18,20,23,25,28,28,29,30,31,30,30,35,41,42,43,43,43,42,42,43,45,45,46,46,46,45,45,41,37,35,34,29,24,24,24,25,27,23,20,16,13,12,12,13,14,11,9,9,10,8,7,4,1,1,1,2,3,1
139,2,2,2,3,4,4,5,5,5,4,4,4,4,4,4,4,4,4,4,4,4,5,6,6,6,6,7,7,8,6,5,7,10,11,13,13,13,14,15,14,13,15,17,15,14,14,14,13,12,11,10,11,12,13,14,14,14,12,11,11,11,11,12,11,11,11,11,11,11,11,11,12,13,12,12,12,12,12,12,11,11,9,7,7,8,7,7,6,6,6,6,5,4,2,1,1
140,0,0,0,0,0,0,0,0,0,0,0,0,0,0,0,0,0,0,0,0,0,0,0,0,0,0,0,0,0,0,0,0,0,0,0,0,0,0,0,0,0,0,0,0,0,0,0,0,0,0,0,0,0,0,0,0,0,0,0,0,0,0,0,0,0,0,0,0,0,0,0,0,0,0,0,0,0,0,0,0,0,0,0,0,0,0,0,0,0,0,0,0,0,0,0,0
141,0,0,0,0,0,0,0,0,0,0,0,0,0,0,0,0,0,0,0,0,0,0,0,0,0,0,0,0,0,0,0,0,0,0,0,0,0,0,0,0,0,0,0,0,0,0,0,0,0,0,0,0,0,0,0,0,0,0,0,0,0,0,0,0,0,0,0,0,0,0,0,0,0,0,0,0,0,0,0,0,0,0,0,0,0,0,0,0,0,0,0,0,0,0,0,0
142,39,38,37,39,42,43,44,45,46,46,46,45,45,46,48,48,48,49,50,50,50,51,53,54,55,55,55,62,70,72,75,73,72,77,83,84,86,86,87,88,89,91,94,91,88,91,95,97,100,97,95,93,91,93,95,90,86,100,114,109,105,100,96,96,97,97,97,109,122,114,106,88,71,74,77,75,73,73,73,70,67,65,64,59,55,55,56,52,49,46,43,41,40,38,37,38
143,0,0,0,0,0,0,0,0,0,0,0,0,0,0,0,0,0,0,0,0,0,0,0,0,0,0,0,0,0,0,0,0,0,0,0,0,0,0,0,0,0,0,0,0,0,0,0,0,0,0,0,0,0,0,0,0,0,0,0,0,0,0,0,0,0,0,0,0,0,0,0,0,0,0,0,0,0,0,0,0,0,0,0,0,0,0,0,0,0,0,0,0,0,0,0,0
144,51,57,63,64,65,66,68,68,68,67,66,66,66,68,70,68,67,67,68,72,77,81,85,85,86,91,97,109,121,136,152,155,158,162,167,170,173,194,216,204,192,199,206,227,248,244,241,241,241,239,238,245,253,247,241,239,237,227,218,233,248,243,239,241,243,258,274,255,237,247,257,252,247,229,212,205,199,182,166,172,179,172,165,155,146,133,120,113,106,101,96,85,74,66,58,54
145,0,0,0,0,0,0,0,0,0,0,0,0,0,0,0,0,0,0,0,0,0,0,0,0,0,0,0,0,0,0,0,0,0,0,0,0,0,0,0,0,0,0,0,0,0,0,0,0,0,0,0,0,0,0,0,0,0,0,0,0,0,0,0,0,0,0,0,0,0,0,0,0,0,0,0,0,0,0,0,0,0,0,0,0,0,0,0,0,0,0,0,0,0,0,0,0
146,0,0,0,0,0,0,0,0,0,0,0,0,0,0,0,0,0,0,0,0,0,0,0,0,0,0,0,0,0,0,0,0,0,0,0,0,0,0,0,0,0,0,0,0,0,0,0,0,0,0,0,0,0,0,0,0,0,0,0,0,0,0,0,0,0,0,0,0,0,0,0,0,0,0,0,0,0,0,0,0,0,0,0,0,0,0,0,0,0,0,0,0,0,0,0,0
147,0,0,0,0,0,0,0,0,0,0,0,0,0,0,0,0,0,0,0,0,0,0,0,0,0,0,0,0,0,0,0,0,0,0,0,0,0,0,0,0,0,0,0,0,0,0,0,0,0,0,0,0,0,0,0,0,0,0,0,0,0,0,0,0,0,0,0,0,0,0,0,0,0,0,0,0,0,0,0,0,0,0,0,0,0,0,0,0,0,0,0,0,0,0,0,0
148,84,90,96,100,105,109,114,115,116,117,118,118,118,122,126,125,125,128,132,135,138,143,149,158,168,180,193,202,212,239,267,309,352,346,341,361,382,405,429,457,485,488,492,518,545,561,577,590,603,614,626,631,637,624,612,620,629,630,632,611,591,577,564,556,549,519,490,469,448,435,422,387,352,336,320,309,299,298,297,279,261,244,227,220,214,201,188,180,173,155,137,123,110,99,89,86
149,5,5,5,5,6,6,6,6,6,6,6,6,6,6,6,6,6,6,6,6,6,5,5,5,5,5,6,8,10,10,10,10,11,11,12,15,19,21,24,25,26,29,32,38,44,42,41,39,37,36,36,44,52,51,50,47,44,40,36,40,45,39,34,33,33,27,22,20,19,19,20,17,15,13,12,10,9,9,10,8,7,7,7,7,8,7,6,6,7,7,7,7,7,6,6,5
150,0,0,0,0,0,0,0,0,0,0,0,0,0,0,0,0,0,0,0,0,0,0,0,0,0,0,0,0,0,0,0,0,0,0,0,0,0,0,0,0,0,0,0,0,0,0,0,0,0,0,0,0,0,0,0,0,0,0,0,0,0,0,0,0,0,0,0,0,0,0,0,0,0,0,0,0,0,0,0,0,0,0,0,0,0,0,0,0,0,0,0,0,0,0,0,0
151,0,0,0,0,0,0,0,0,0,0,0,0,0,0,0,0,0,0,0,0,0,0,0,0,0,0,0,0,0,0,0,0,0,0,0,0,0,0,0,0,0,0,0,0,0,0,0,0,0,0,0,0,0,0,0,0,0,0,0,0,0,0,0,0,0,0,0,0,0,0,0,0,0,0,0,0,0,0,0,0,0,0,0,0,0,0,0,0,0,0,0,0,0,0,0,0
152,0,0,0,0,0,0,0,0,0,0,0,0,0,0,0,0,0,0,0,0,0,0,0,0,0,0,0,0,0,0,0,0,0,0,0,0,0,0,0,0,0,0,0,0,0,0,0,0,0,0,0,0,0,0,0,0,0,0,0,0,0,0,0,0,0,0,0,0,0,0,0,0,0,0,0,0,0,0,0,0,0,0,0,0,0,0,0,0,0,0,0,0,0,0,0,0
153,0,0,0,0,0,0,0,0,0,0,0,0,0,0,0,0,0,0,0,0,0,0,0,0,0,0,0,0,0,0,0,0,0,0,0,1,2,2,2,2,2,1,1,3,5,5,6,4,3,3,4,4,4,4,4,4,4,5,6,3,1,1,2,1,1,1,2,1,1,1,2,1,1,1,1,1,2,1,1,1,1,0,0,0,0,0,0,0,0,0,0,0,0,0,0,0
154,0,0,0,0,0,0,0,0,0,0,0,0,0,0,0,0,0,0,0,0,0,0,0,0,0,0,0,0,0,0,0,0,0,0,0,0,0,0,0,0,0,0,0,0,0,0,0,0,1,1,2,1,1,1,1,0,0,0,0,0,0,0,0,0,0,0,0,0,0,0,0,0,0,0,0,0,0,0,0,0,0,0,0,0,0,0,0,0,0,0,0,0,0,0,0,0
155,0,0,0,0,0,0,0,0,0,0,0,0,0,0,0,0,0,0,0,0,0,0,0,0,0,0,0,0,0,0,0,0,0,0,0,0,0,0,0,0,0,0,0,0,0,0,0,0,0,0,0,0,0,0,0,0,0,0,0,0,0,0,0,0,0,0,0,0,0,0,0,0,0,0,0,0,0,0,0,0,0,0,0,0,0,0,0,0,0,0,0,0,0,0,0,0
156,1,1,1,1,1,1,1,1,1,1,1,1,1,1,1,1,1,1,1,1,1,2,3,3,4,6,9,9,9,11,14,16,19,22,26,24,23,26,29,29,29,31,34,36,38,38,39,37,36,36,37,37,37,35,34,34,34,34,34,34,35,33,31,27,24,26,28,26,24,22,21,19,17,15,13,11,9,7,6,5,5,5,6,5,4,4,5,4,4,3,2,2,2,1,0,0
157,0,0,0,0,0,0,0,0,0,0,0,0,0,0,0,0,0,0,0,0,0,0,0,0,0,0,0,0,0,0,0,0,1,0,0,1,2,2,3,4,5,4,3,2,2,2,3,2,2,3,5,3,1,0,0,2,4,5,6,4,3,1,0,0,0,0,0,0,0,0,0,0,0,0,0,0,0,0,0,0,0,0,0,0,0,0,0,0,0,0,0,0,0,0,0,0
158,0,0,0,0,0,0,0,0,0,0,0,0,0,0,0,0,0,0,0,0,0,0,0,0,0,0,0,0,0,0,0,1,2,1,1,2,3,2,1,1,1,2,4,4,4,5,7,8,10,8,7,6,6,5,5,4,3,4,5,4,4,4,5,5,5,3,1,1,1,1,1,0,0,0,0,0,0,0,1,1,1,2,3,2,2,2,2,1,1,2,3,2,1,2,3,1
159,0,0,0,0,0,0,0,0,0,0,0,0,0,0,0,0,0,0,0,0,0,0,0,0,0,0,0,0,0,0,0,0,0,0,0,0,0,0,0,0,0,0,0,0,0,0,0,0,0,0,0,0,0,0,0,0,0,0,0,0,0,0,0,0,0,0,0,0,0,0,0,0,0,0,0,0,0,0,0,0,0,0,0,0,0,0,0,0,0,0,0,0,0,0,0,0
160,4,5,6,6,6,6,6,6,6,6,6,6,6,6,6,6,6,6,6,6,6,6,7,7,7,7,7,7,7,7,7,7,7,7,7,7,8,7,7,7,7,7,8,7,6,6,6,6,7,7,8,7,7,7,8,7,7,7,7,7,7,6,6,8,11,8,6,6,6,7,8,7,7,6,6,7,8,9,10,9,8,7,7,6,6,5,5,5,6,4,3,3,3,3,3,3
161,1,2,4,2,1,1,2,2,3,3,4,4,4,4,4,4,5,4,3,4,5,4,4,4,5,5,6,6,7,8,9,8,7,10,14,16,18,21,25,27,30,28,27,28,30,31,32,32,33,33,33,35,37,34,31,31,32,37,42,39,37,36,36,40,45,37,29,35,41,36,31,26,21,25,30,35,41,39,37,35,34,27,21,26,32,24,17,15,14,13,12,9,6,7,8,4
162,27,27,28,31,35,35,36,36,37,38,40,42,44,44,44,45,47,46,46,47,48,51,54,51,49,52,55,54,54,56,58,61,65,62,60,63,67,73,79,76,74,79,85,79,73,78,84,87,90,102,115,107,99,100,102,102,102,100,98,99,100,101,103,96,90,93,96,99,102,104,106,100,94,87,80,77,74,70,67,71,75,70,66,65,64,60,56,52,48,44,41,39,37,34,31,29
163,0,0,0,0,0,0,0,0,0,0,0,0,0,0,0,0,0,0,0,0,0,0,0,0,0,0,0,0,0,0,0,0,0,0,0,0,0,0,0,0,0,0,0,0,0,0,0,0,0,0,0,0,0,0,0,0,0,0,0,0,0,0,0,0,0,0,0,0,0,0,0,0,0,0,0,0,0,0,0,0,0,0,0,0,0,0,0,0,0,0,0,0,0,0,0,0
164,0,0,0,0,0,0,0,0,0,0,0,0,0,0,0,0,0,0,0,0,0,0,0,0,0,0,0,0,0,0,0,0,0,0,0,1,3,4,5,3,2,3,4,4,5,5,5,5,5,4,4,2,0,2,5,3,1,1,1,2,4,3,3,2,1,0,0,0,0,0,0,0,0,0,0,0,0,0,0,0,0,0,0,0,0,0,0,0,0,0,0,0,0,0,0,0
165,114,101,89,93,97,94,92,92,93,93,93,96,99,102,105,106,108,107,107,115,123,139,155,163,172,202,232,264,296,364,432,476,521,514,507,528,550,587,624,613,602,646,691,678,666,666,666,680,694,695,697,704,712,676,640,638,637,625,613,624,636,635,634,681,728,755,782,795,809,745,682,673,665,616,567,512,458,461,465,448,431,409,387,375,363,334,306,284,263,271,279,241,203,176,150,132
166,16,16,16,16,17,17,18,18,18,18,18,18,18,18,18,19,21,20,20,20,20,20,20,20,21,23,26,28,30,30,31,33,36,37,38,42,47,50,53,53,53,56,60,55,51,51,51,53,56,50,45,48,52,50,48,48,49,55,61,54,47,52,58,52,46,44,42,39,36,37,39,39,40,38,37,36,35,35,35,34,34,36,38,36,35,37,39,35,32,31,30,26,22,19,17,16
167,0,0,1,0,0,0,0,0,0,0,0,0,0,0,0,0,0,0,0,0,0,0,0,0,1,1,1,1,2,2,2,1,1,2,3,4,6,5,4,5,7,10,14,13,13,12,11,11,12,7,3,4,6,8,10,8,6,5,4,4,5,4,4,7,11,6,2,1,1,0,0,0,0,0,0,0,0,0,0,0,0,0,0,0,0,0,0,0,0,0,0,0,0,0,0,0
168,1,2,3,3,4,3,3,3,3,3,4,4,4,4,4,3,3,3,3,3,3,3,4,4,4,4,5,5,6,7,8,9,10,9,8,8,8,7,7,7,8,8,9,9,9,10,11,10,9,11,14,12,11,11,12,11,11,11,11,10,10,9,9,9,10,10,11,9,8,9,10,9,9,10,11,10,10,9,9,8,8,9,10,9,8,7,6,6,7,7,7,6,5,5,5,3
169,15,18,21,17,14,14,14,14,14,14,15,15,16,16,16,17,19,18,18,17,17,18,20,24,28,31,34,46,59,57,55,63,71,68,66,78,90,93,96,94,93,97,102,95,88,94,101,95,89,94,100,99,98,88,79,85,91,88,86,87,88,90,93,89,85,104,124,139,155,136,117,99,82,85,88,87,86,74,63,64,65,59,53,52,52,49,46,40,34,33,32,26,20,15,11,13
170,0,0,0,0,0,0,0,0,0,0,0,0,0,0,0,0,0,0,0,0,0,0,0,0,0,0,0,0,0,0,0,0,0,0,0,0,0,0,0,0,0,0,0,0,0,0,0,0,0,0,0,0,0,0,0,0,0,0,0,0,0,0,0,0,0,0,0,0,0,0,0,0,0,0,0,0,0,0,0,0,0,0,0,0,0,0,0,0,0,0,0,0,0,0,0,0
171,8,10,13,13,14,15,16,16,16,16,17,17,17,17,18,18,19,19,19,19,20,20,21,21,22,23,24,26,28,30,33,32,32,35,39,38,38,39,40,39,39,45,51,48,46,46,46,44,43,43,44,45,47,46,45,44,44,42,41,42,43,45,47,44,42,43,45,41,38,39,40,36,33,34,36,34,32,30,28,27,27,27,27,24,22,23,24,25,26,25,24,22,20,18,16,12
172,40,41,42,42,43,43,44,45,47,48,50,50,51,50,50,49,48,51,54,54,54,55,57,61,66,71,77,83,90,98,106,116,126,129,132,144,156,160,164,167,171,178,185,201,217,217,218,216,215,225,236,238,241,229,217,224,232,236,241,235,230,229,228,232,237,226,216,227,238,223,208,195,183,172,161,163,166,164,162,148,134,129,124,128,133,121,109,104,100,94,89,77,65,54,43,41
173,0,0,0,0,0,0,1,0,0,0,0,0,0,0,0,0,0,0,0,0,0,0,0,0,0,0,0,0,0,0,0,0,0,1,3,1,0,0,0,1,3,4,5,3,1,1,2,3,4,2,1,1,2,1,0,4,9,6,4,2,0,1,2,1,1,0,0,0,0,0,0,0,1,0,0,0,0,0,0,0,1,0,0,0,0,0,0,0,0,0,0,0,0,0,0,0
174,0,0,0,0,0,0,0,0,0,0,0,0,0,0,0,0,0,0,0,0,0,0,0,0,0,0,0,0,0,0,0,0,0,0,0,0,0,0,0,0,0,0,0,0,0,0,0,0,0,0,0,0,0,0,0,0,0,0,0,0,0,0,0,0,0,0,0,0,0,0,0,0,0,0,0,0,0,0,0,0,0,0,0,0,0,0,0,0,0,0,0,0,0,0,0,0
175,0,0,0,0,0,0,0,0,0,0,0,0,0,0,0,0,0,0,0,0,0,0,0,0,0,0,0,0,0,0,0,0,0,0,1,0,0,0,1,1,2,1,1,1,1,1,1,3,6,6,6,7,9,7,5,4,3,4,5,3,2,3,4,2,1,1,2,1,1,0,0,0,0,0,0,0,0,0,0,0,0,0,0,0,0,0,0,0,0,0,0,0,0,0,0,0
176,1,1,1,1,1,1,1,1,1,1,1,1,1,1,1,1,2,1,1,1,1,1,1,1,1,1,1,1,2,2,2,2,3,2,2,5,8,6,4,4,5,5,5,5,5,4,4,5,7,6,5,6,7,4,1,2,3,4,5,6,7,6,5,5,6,4,2,2,3,3,4,3,2,2,2,1,1,1,2,2,2,1,1,1,1,1,1,1,1,2,3,2,1,1,1,1
177,0,0,0,0,0,0,0,0,0,0,0,0,0,0,0,0,0,0,0,0,0,0,0,0,0,0,0,0,0,0,0,0,0,0,0,0,0,0,0,0,0,0,0,0,0,0,0,0,0,0,0,0,0,0,0,0,0,0,0,0,0,0,0,0,0,0,0,0,0,0,0,0,0,0,0,0,0,0,0,0,0,0,0,0,0,0,0,0,0,0,0,0,0,0,0,0
178,0,0,0,0,0,0,0,0,0,0,0,0,0,0,0,0,0,0,0,0,0,0,0,0,0,0,0,0,0,0,1,0,0,0,1,1,1,1,2,2,2,4,7,5,3,2,1,1,2,4,6,5,4,3,2,2,3,4,5,6,8,6,5,3,2,2,3,1,0,0,0,0,0,0,0,0,0,0,0,0,0,0,0,0,0,0,0,0,0,0,0,0,0,0,0,0
179,0,0,0,0,0,0,0,0,0,0,0,0,0,0,0,0,0,0,0,0,0,0,0,0,0,0,0,0,0,0,0,0,0,0,0,0,0,0,0,0,0,0,0,0,0,0,0,0,0,0,0,0,0,0,0,0,0,0,0,0,0,0,0,0,0,0,0,0,0,0,0,0,0,0,0,0,0,0,0,0,0,0,0,0,0,0,0,0,0,0,0,0,0,0,0,0
180,4,4,4,4,4,4,4,4,4,4,4,4,4,4,4,4,4,4,4,4,4,4,4,4,5,5,5,5,6,6,7,7,8,10,13,11,9,13,17,20,24,23,23,29,35,34,34,31,29,36,43,45,48,46,45,46,47,45,43,40,37,34,32,28,25,24,23,23,23,16,9,7,6,5,4,3,3,3,4,4,5,6,7,6,6,6,7,6,6,5,4,3,3,3,3,3
181,0,0,0,0,0,0,0,0,0,0,0,0,0,0,0,0,0,0,0,0,0,0,0,0,0,0,0,0,0,0,0,0,0,0,0,0,0,0,0,0,0,0,0,0,0,0,0,0,0,0,0,0,0,0,0,0,0,0,0,0,0,0,0,0,0,0,0,0,0,0,0,0,0,0,0,0,0,0,0,0,0,0,0,0,0,0,0,0,0,0,0,0,0,0,0,0
182,49,55,61,63,66,69,73,73,74,74,74,75,76,77,79,80,82,81,81,82,84,84,85,91,97,100,103,108,114,115,116,118,120,128,136,142,148,145,142,142,143,152,162,164,166,169,172,184,197,192,188,190,193,197,201,193,186,183,180,177,174,175,177,168,160,166,173,172,171,162,153,151,149,137,126,127,128,132,137,135,134,130,127,122,117,110,104,100,97,95,93,88,83,68,53,51
183,1,0,0,0,0,0,0,0,0,0,0,0,0,0,0,0,0,0,0,0,0,1,2,1,0,1,2,4,6,5,4,5,7,7,8,6,4,5,6,5,4,8,12,10,9,9,9,6,4,3,3,3,4,2,1,3,5,3,1,4,7,6,5,5,6,7,9,8,7,8,10,8,7,8,10,8,7,8,10,6,2,4,6,5,4,3,3,1,0,3,7,5,3,3,4,2
184,0,0,0,0,0,0,0,0,0,0,0,0,0,0,0,0,0,0,0,0,0,0,0,0,0,0,0,0,0,0,0,0,0,0,0,0,0,0,0,0,0,0,0,0,0,0,0,0,0,0,0,0,0,0,0,0,0,0,0,0,0,0,0,0,0,0,0,0,0,0,0,0,0,0,0,0,0,0,0,0,0,0,0,0,0,0,0,0,0,0,0,0,0,0,0,0
185,0,0,0,0,0,0,0,0,0,0,0,0,0,0,0,0,0,0,0,0,0,0,0,0,0,0,0,0,0,0,0,0,0,0,0,0,0,0,0,0,0,0,0,0,0,0,0,0,0,0,0,0,0,0,0,0,0,0,0,0,0,0,0,0,0,0,0,0,0,0,0,0,0,0,0,0,0,0,0,0,0,0,0,0,0,0,0,0,0,0,0,0,0,0,0,0
186,5,6,8,8,9,9,9,9,10,10,10,10,10,10,11,11,11,10,10,10,11,10,9,9,10,9,9,9,9,12,15,15,15,14,13,15,17,16,15,16,18,16,15,17,20,19,19,18,17,17,18,19,21,20,19,20,21,18,16,17,18,17,17,17,18,20,22,18,14,15,17,15,13,14,15,13,11,12,13,11,9,12,15,12,10,11,12,10,9,9,9,7,6,6,7,6
187,15,14,13,14,16,15,15,14,14,14,15,15,16,15,15,16,18,18,18,18,19,18,18,21,24,24,24,28,33,37,41,41,41,49,57,64,71,71,72,72,73,83,94,87,80,92,105,107,110,114,118,111,105,116,127,118,109,106,103,106,110,99,88,95,103,96,89,82,75,76,77,65,53,49,46,44,42,38,34,34,35,34,33,29,26,27,28,29,30,26,22,20,18,19,20,17
188,10,11,12,12,13,13,13,13,14,14,15,14,13,13,13,13,13,13,14,13,13,14,15,14,14,15,16,16,16,16,16,16,17,23,30,31,32,33,35,37,40,40,41,42,43,44,45,45,45,44,43,42,41,39,38,43,49,54,60,55,50,48,47,51,55,51,47,47,48,49,51,43,35,32,29,27,26,25,25,23,22,21,21,19,17,17,17,17,18,14,11,9,7,6,5,7
189,0,0,0,0,1,1,1,1,1,1,1,1,1,1,1,1,1,1,1,1,1,1,1,1,1,1,1,1,1,1,1,1,1,1,1,1,2,1,1,1,1,1,1,1,2,2,3,2,2,1,1,1,1,2,3,3,3,2,2,1,1,1,1,1,2,1,1,1,1,1,1,1,1,1,1,1,1,1,1,1,1,1,1,1,1,0,0,0,0,0,0,0,0,0,0,0
190,12,14,16,16,16,16,16,16,17,17,17,16,16,15,15,15,15,15,16,17,18,22,26,27,28,26,25,28,31,35,40,44,49,50,51,59,67,77,88,108,128,126,125,134,144,158,172,181,190,197,205,203,202,211,221,226,232,222,213,213,214,198,183,185,187,172,157,152,147,125,103,101,99,93,87,88,89,82,76,78,80,74,68,60,52,45,38,35,33,31,29,26,23,20,17,14
191,0,0,0,0,0,0,0,0,0,0,0,0,0,0,0,0,0,0,0,0,0,0,0,0,0,0,0,0,0,0,0,0,0,0,0,0,0,0,0,0,0,0,0,0,0,0,0,0,0,0,0,0,0,0,0,0,0,0,0,0,0,0,0,0,0,0,0,0,0,0,0,0,0,0,0,0,0,0,0,0,0,0,0,0,0,0,0,0,0,0,0,0,0,0,0,0
192,9,11,13,13,13,13,13,14,16,15,15,15,15,14,14,14,15,15,15,16,18,17,16,19,23,26,29,29,29,34,39,40,41,41,41,41,41,40,40,47,54,58,62,65,68,68,68,65,63,59,56,58,61,60,60,64,68,75,82,82,83,85,87,79,72,69,67,65,64,58,52,56,61,48,36,35,34,30,26,27,28,26,25,25,25,23,21,22,24,23,22,18,14,15,16,12
193,0,0,0,0,0,0,0,0,0,0,0,0,0,0,0,0,0,0,0,0,0,0,0,0,0,0,0,0,0,0,0,0,0,0,0,0,0,0,0,0,0,0,0,0,0,0,0,0,0,0,0,0,0,0,0,0,0,0,0,0,0,0,0,0,0,0,0,0,0,0,0,0,0,0,0,0,0,0,0,0,0,0,0,0,0,0,0,0,0,0,0,0,0,0,0,0
194,0,0,0,0,0,0,0,0,0,0,0,0,0,0,0,0,0,0,0,0,0,0,0,0,0,0,0,0,0,0,0,0,0,0,0,0,0,0,0,0,0,0,0,0,0,0,0,0,0,0,0,0,0,0,0,0,0,0,0,0,0,0,0,0,0,0,0,0,0,0,0,0,0,0,0,0,0,0,0,0,0,0,0,0,0,0,0,0,0,0,0,0,0,0,0,0
195,0,0,0,0,0,0,0,0,0,0,0,0,0,0,0,0,0,0,0,0,0,0,0,0,0,0,0,0,0,0,0,0,0,0,0,0,0,0,0,0,0,0,0,0,0,0,0,0,0,0,0,0,0,0,0,0,0,0,0,0,0,0,0,0,0,0,0,0,0,0,0,0,0,0,0,0,0,0,0,0,0,0,0,0,0,0,0,0,0,0,0,0,0,0,0,0
196,0,0,0,0,0,0,0,0,0,0,0,0,0,0,0,0,0,0,0,0,0,0,0,0,0,0,0,0,0,0,0,0,0,0,0,0,0,0,0,0,0,0,0,0,0,0,0,0,0,0,0,0,0,0,0,0,0,0,0,0,0,0,0,0,0,0,0,0,0,0,0,0,0,0,0,0,0,0,0,0,0,0,0,0,0,0,0,0,0,0,0,0,0,0,0,0
197,23,25,27,27,27,27,27,27,28,28,28,29,30,29,29,29,30,31,33,33,34,34,34,33,33,36,40,39,39,43,47,46,46,50,54,54,55,59,63,62,61,57,54,67,80,75,71,76,81,78,76,83,90,92,95,90,85,86,88,89,90,84,79,81,84,83,83,87,91,78,65,66,68,63,58,57,56,54,52,53,55,53,52,44,36,37,38,36,35,31,28,26,25,22,19,21
198,3,3,3,3,3,4,5,5,5,5,5,5,5,5,6,5,5,5,5,5,5,5,6,7,8,9,11,11,12,14,17,14,11,13,16,17,19,19,20,21,22,27,32,32,33,35,38,35,33,30,28,29,31,30,29,33,38,39,40,41,42,44,47,44,42,35,29,29,30,25,21,20,20,22,24,22,20,18,16,13,11,10,10,10,10,10,10,9,8,9,10,9,9,7,5,4
199,2,2,2,2,2,2,2,2,2,2,2,2,3,3,3,3,3,3,3,3,4,4,4,4,4,4,4,4,4,4,4,4,4,4,4,4,5,5,6,5,5,5,5,5,6,6,6,5,5,5,5,6,7,6,5,5,6,5,4,6,8,6,4,5,7,6,5,6,7,7,7,6,5,5,5,4,4,4,5,4,4,4,4,4,5,6,7,5,4,4,5,6,7,6,5,3
200,0,0,0,0,0,0,0,0,0,0,0,0,0,0,0,0,0,0,0,0,0,0,0,0,0,0,0,0,0,0,0,0,0,0,0,0,0,0,0,0,0,0,0,0,0,0,0,0,0,0,0,0,0,0,0,0,0,0,0,0,0,0,0,0,0,0,0,0,0,0,0,0,0,0,0,0,0,0,0,0,0,0,0,0,0,0,0,0,0,0,0,0,0,0,0,0
201,0,0,0,0,0,0,0,0,0,0,0,0,0,0,0,0,0,0,0,0,0,0,0,0,0,0,0,0,0,0,0,0,1,1,2,1,0,1,3,2,1,2,3,2,1,2,3,2,2,2,3,2,2,2,2,2,3,2,2,1,1,1,2,2,2,1,0,0,0,0,0,0,0,0,0,0,0,0,0,0,0,0,0,0,0,0,1,0,0,0,1,0,0,0,0,0
202,4,3,3,3,3,3,4,3,3,4,5,3,2,1,1,1,1,0,0,0,1,1,2,3,5,4,4,4,5,6,8,10,13,10,8,11,15,15,16,15,15,16,18,15,13,13,13,14,16,13,10,11,13,12,11,11,11,11,12,11,11,11,12,9,7,10,13,13,14,15,17,14,12,11,10,7,4,5,7,6,5,4,3,3,4,4,5,5,6,4,3,5,7,4,2,3
203,0,0,0,0,0,0,0,0,0,0,0,0,0,0,0,0,0,0,0,0,0,0,0,0,0,0,0,0,0,0,0,0,0,0,0,0,0,0,0,0,0,1,3,1,0,1,3,1,0,0,1,0,0,0,1,1,1,0,0,0,0,0,0,0,0,0,0,0,0,0,0,0,0,0,0,0,0,0,0,0,0,0,0,0,0,0,0,0,0,0,0,0,0,0,1,0
204,0,0,0,0,0,0,0,0,0,0,0,0,0,0,0,0,0,0,0,0,0,0,0,0,0,0,0,0,0,0,1,1,2,2,3,5,7,7,7,7,7,8,9,9,10,7,4,6,8,6,5,5,6,6,7,5,3,4,6,4,2,2,3,3,4,5,6,4,3,2,1,0,0,0,0,0,1,1,1,1,1,0,0,0,1,0,0,0,0,0,0,0,0,0,0,0
205,0,0,0,0,0,0,0,0,0,0,0,0,0,0,0,0,0,0,0,0,0,0,0,0,0,0,0,0,0,0,0,0,0,0,0,0,1,1,1,1,1,2,3,2,2,2,2,2,3,2,1,1,1,1,1,1,1,1,2,2,2,2,2,1,1,1,1,0,0,0,0,0,0,0,0,0,0,0,0,0,0,0,0,0,0,0,0,0,0,0,0,0,0,0,0,0
206,1,1,2,1,1,0,0,1,3,2,1,1,2,1,0,0,0,0,0,0,0,1,2,1,1,1,1,1,1,1,1,2,3,3,3,2,2,1,1,1,1,1,2,4,6,4,3,2,2,2,3,4,5,4,4,3,3,4,5,4,4,4,5,5,6,5,5,6,7,4,2,1,1,1,2,3,4,3,3,4,5,3,2,2,3,2,2,3,5,4,4,3,3,2,2,1
207,0,0,0,0,0,0,0,0,0,0,0,0,0,0,0,0,0,0,0,0,0,0,1,0,0,0,0,0,0,0,0,0,0,0,0,0,0,0,1,0,0,0,0,0,0,0,0,0,0,0,0,0,0,0,0,0,0,0,0,0,0,0,0,0,0,0,0,0,0,0,0,0,0,0,0,0,0,0,0,0,0,0,0,0,0,0,0,0,0,0,0,0,0,0,0,0
208,0,0,0,0,0,0,0,0,0,0,0,0,0,0,0,0,0,0,0,0,0,0,0,0,0,0,0,0,0,0,0,0,0,2,4,2,1,3,6,5,4,4,5,6,8,10,12,14,17,15,14,12,11,11,12,12,12,12,13,11,10,12,14,10,7,4,2,2,3,2,1,1,1,1,1,1,1,1,1,1,1,1,1,1,1,0,0,0,0,0,0,0,0,0,0,0
209,0,0,0,0,0,0,0,0,0,0,0,0,0,0,0,0,0,0,0,0,0,0,0,0,0,0,0,0,0,0,0,0,0,0,0,0,0,0,0,0,0,0,0,0,0,0,0,0,0,0,0,0,0,0,0,0,0,0,0,0,0,0,0,0,0,0,0,0,0,0,0,0,0,0,0,0,0,0,0,0,0,0,0,0,0,0,0,0,0,0,0,0,0,0,0,0
210,0,0,0,0,0,0,0,0,0,0,0,0,0,0,0,0,0,0,0,0,0,0,0,0,0,0,0,0,0,0,0,0,0,0,0,0,0,0,0,0,0,0,0,0,0,0,0,0,0,0,0,0,0,0,0,0,0,0,0,0,0,0,0,0,0,0,0,0,0,0,0,0,0,0,0,0,0,0,0,0,0,0,0,0,0,0,0,0,0,0,0,0,0,0,0,0
211,0,0,0,0,0,0,0,0,0,0,0,0,0,0,0,0,0,0,0,0,0,0,0,0,0,0,0,0,0,0,0,0,0,0,0,0,0,0,0,0,0,0,0,0,0,0,0,0,0,0,0,0,0,0,0,0,0,0,0,0,0,0,0,0,0,0,0,0,0,0,0,0,0,0,0,0,0,0,0,0,0,0,0,0,0,0,0,0,0,0,0,0,0,0,0,0
212,0,0,0,0,0,0,0,0,0,0,0,0,0,0,0,0,0,0,0,0,0,0,0,0,0,0,0,0,0,0,0,0,0,0,0,0,0,0,0,0,0,0,0,0,0,0,0,0,0,0,0,0,0,0,0,0,0,0,0,0,0,0,0,0,0,0,0,0,0,0,0,0,0,0,0,0,0,0,0,0,0,0,0,0,0,0,0,0,0,0,0,0,0,0,0,0
213,0,0,0,0,0,0,0,0,0,0,0,0,0,0,0,0,0,0,0,0,0,0,0,0,0,0,0,0,0,0,0,0,0,0,0,0,0,0,0,0,0,0,0,0,0,0,0,0,0,0,0,0,0,0,0,0,0,0,0,0,0,0,0,0,0,0,0,0,0,0,0,0,0,0,0,0,0,0,0,0,0,0,0,0,0,0,0,0,0,0,0,0,0,0,0,0
214,0,0,0,0,0,0,0,0,0,0,0,0,0,0,0,0,0,0,0,0,0,0,0,0,0,0,0,0,0,0,0,0,0,0,0,0,0,0,0,0,0,0,0,0,0,0,0,0,0,0,0,0,0,0,0,0,0,0,0,0,0,0,0,0,0,0,0,0,0,0,0,0,0,0,0,0,0,0,0,0,0,0,0,0,0,0,0,0,0,0,0,0,0,0,0,0
215,24,24,25,24,24,24,24,24,25,25,25,24,23,24,25,24,24,25,26,26,26,27,29,28,27,33,40,48,57,69,82,102,123,120,117,124,131,135,139,136,134,142,151,163,175,172,170,168,167,166,166,173,180,165,150,151,153,152,151,146,142,153,165,167,170,171,172,157,143,139,135,117,99,91,84,90,97,85,74,76,79,74,69,61,54,59,65,59,53,50,47,40,34,33,32,28
216,0,0,0,0,0,0,0,0,0,0,0,0,0,0,0,0,0,0,0,0,0,0,0,0,0,0,0,0,0,0,0,0,1,1,2,1,1,1,1,0,0,0,1,1,1,1,1,1,2,1,1,1,2,2,2,1,1,1,2,1,0,0,0,0,0,1,2,1,1,1,1,1,1,0,0,0,0,0,0,0,0,0,0,0,0,0,0,0,0,0,0,0,0,0,0,0
217,4,4,5,5,6,5,5,5,6,7,8,8,8,8,8,8,8,8,8,8,8,8,9,8,8,7,7,7,8,10,12,11,11,11,12,12,12,12,12,10,9,9,10,10,10,9,9,10,11,13,15,11,8,10,12,11,11,9,7,9,12,10,9,8,8,8,9,9,10,11,12,10,9,9,10,10,10,10,10,9,9,7,6,6,7,6,5,5,6,5,5,5,6,5,5,4
218,0,0,0,0,0,0,0,0,0,0,0,0,0,0,0,0,0,0,0,0,0,0,0,0,0,0,0,0,0,0,0,0,0,0,0,0,0,0,0,0,0,0,0,0,0,0,0,0,0,0,0,0,0,0,0,0,0,0,0,0,0,0,0,0,0,0,0,0,0,0,0,0,0,0,0,0,0,0,0,0,0,0,0,0,0,0,0,0,0,0,0,0,0,0,0,0
219,1,1,2,1,1,1,1,1,1,1,1,1,1,1,1,1,1,1,1,1,1,1,1,1,1,1,1,1,1,1,1,1,1,1,2,1,1,2,3,2,2,2,3,3,4,3,3,3,3,3,3,2,1,1,1,1,1,1,1,1,1,2,3,3,4,3,3,2,2,1,1,2,3,2,1,1,1,1,2,2,2,2,2,2,2,1,1,1,1,1,2,3,5,3,2,1
220,5,5,6,6,7,7,7,7,7,7,7,7,7,7,7,7,7,7,7,7,7,7,8,7,7,7,7,7,7,7,7,8,10,9,8,7,7,8,9,7,6,6,6,6,6,6,7,7,8,8,8,8,9,8,7,8,10,9,9,9,10,8,6,6,6,6,6,6,6,6,6,5,5,5,6,6,6,6,6,5,4,4,4,4,5,4,4,4,4,4,5,5,6,4,3,4
221,0,0,0,0,0,0,0,0,0,0,0,0,0,0,0,0,0,0,0,0,0,0,0,0,0,0,0,0,0,0,0,0,0,0,0,0,0,0,0,0,0,0,0,0,0,0,0,0,0,0,0,0,0,0,0,0,0,0,0,0,0,0,0,0,0,0,0,0,0,0,0,0,0,0,0,0,0,0,0,0,0,0,0,0,0,0,0,0,0,0,0,0,0,0,0,0
222,0,0,0,0,0,0,0,0,0,0,0,0,0,0,0,0,0,0,0,0,0,0,0,0,0,0,0,0,0,0,0,0,0,0,0,0,0,0,0,0,0,0,0,0,0,0,0,0,0,0,0,0,0,0,0,0,0,0,0,0,0,0,0,0,0,0,0,0,0,0,0,0,0,0,0,0,0,0,0,0,0,0,0,0,0,0,0,0,0,0,0,0,0,0,0,0
223,0,0,0,0,0,0,0,0,0,0,0,0,0,0,0,0,0,0,0,0,0,0,0,0,0,0,0,0,0,0,0,0,0,0,0,0,0,0,0,0,0,0,0,0,0,0,0,0,0,0,0,0,0,0,0,0,0,0,0,0,0,0,0,0,0,0,0,0,0,0,0,0,0,0,0,0,0,0,0,0,0,0,0,0,0,0,0,0,0,0,0,0,0,0,0,0
224,2,2,3,2,2,2,3,2,2,3,4,4,4,4,4,3,3,3,3,3,3,3,4,4,5,5,5,3,2,3,4,3,2,3,4,4,4,4,4,13,22,21,21,22,23,27,31,29,28,27,27,32,38,38,38,39,41,38,35,34,34,37,41,38,35,36,38,39,40,35,31,35,39,40,42,38,34,28,23,24,25,23,22,19,16,13,10,8,7,5,4,3,2,2,2,2
225,6,7,8,9,10,10,10,11,13,13,14,15,16,14,12,12,13,12,11,11,11,10,10,10,11,9,8,10,12,11,10,13,16,15,14,15,16,18,21,21,21,22,23,34,46,40,35,40,45,41,38,36,35,36,38,45,53,51,49,50,52,50,49,48,47,50,54,50,47,43,39,37,36,36,36,33,30,33,37,34,32,28,24,24,25,22,20,19,18,16,15,16,18,17,17,11
226,81,92,103,105,107,109,112,111,110,111,112,113,115,115,115,116,118,117,116,121,126,133,140,144,149,151,154,178,203,216,229,253,278,277,277,291,306,320,335,345,355,367,380,378,376,400,425,447,470,485,500,499,499,500,502,503,504,503,503,530,558,544,530,532,535,521,507,522,537,490,443,418,393,377,361,319,278,266,255,301,348,305,262,243,224,216,208,195,182,171,160,152,145,130,115,98
227,0,0,0,0,0,0,0,0,0,0,0,0,0,0,0,0,0,0,0,0,0,0,0,0,0,0,0,0,0,0,0,0,0,0,0,0,0,0,0,0,0,0,0,0,0,0,0,0,0,0,0,0,0,0,0,0,0,0,0,0,0,0,0,0,0,0,0,0,0,0,0,0,0,0,0,0,0,0,0,0,0,0,0,0,0,0,0,0,0,0,0,0,0,0,0,0
228,0,0,0,0,0,0,0,0,0,0,0,0,0,0,0,0,0,0,0,0,0,0,0,0,0,0,0,0,1,0,0,0,0,0,0,1,2,2,3,5,7,11,15,11,8,6,5,9,14,14,14,17,21,16,12,17,22,17,13,13,13,14,15,14,13,15,18,11,4,2,1,0,0,0,0,0,0,0,0,0,0,0,0,0,0,0,1,0,0,0,0,0,0,0,0,0
229,6,8,10,9,8,8,9,10,11,12,13,13,13,13,14,14,14,13,13,13,13,13,14,15,16,16,17,16,16,18,20,18,17,19,22,26,30,35,40,43,47,47,48,47,46,45,44,45,47,43,39,44,50,48,47,49,51,49,48,49,50,47,44,48,53,50,47,44,41,33,26,24,22,22,22,22,23,21,20,19,19,18,17,16,15,16,17,15,13,13,13,13,14,11,9,7
230,0,0,0,0,0,0,0,0,0,0,0,0,0,0,0,0,0,0,0,0,0,0,0,0,0,0,0,0,0,0,0,0,0,0,0,0,0,0,0,0,0,0,0,0,0,0,0,0,0,0,0,0,0,0,0,0,0,0,0,0,0,0,0,0,0,0,0,0,0,0,0,0,0,0,0,0,0,0,0,0,0,0,0,0,0,0,0,0,0,0,0,0,0,0,0,0
231,0,0,0,0,0,0,0,0,0,0,0,0,0,0,0,0,0,0,0,0,0,0,0,0,0,0,0,0,0,0,0,0,0,0,0,0,0,0,0,0,0,0,0,0,0,0,0,0,0,0,0,0,0,0,0,0,0,0,0,0,0,0,0,0,0,0,0,0,0,0,0,0,0,0,0,0,0,0,0,0,0,0,0,0,0,0,0,0,0,0,0,0,0,0,0,0